Drug Name,Indication
Cetuximab,"Cetuximab indicated for the treatment of locally or regionally advanced squamous cell carcinoma of the head and neck in combination with radiation therapy. It is indicated for treating a recurrent locoregional disease or metastatic squamous cell carcinoma of the head and neck in combination with platinum-based therapy with fluorouracil. It is indicated for recurrent or metastatic squamous cell carcinoma of the head and neck progressing after platinum-based therapy.[L30448]

Cetuximab is also indicated for K-Ras wild-type, EGFR-expressing, metastatic colorectal cancer as determined by an FDA-approved test in combination with FOLFIRI, a chemotherapy combination that includes [leucovorin], [fluorouracil], and [irinotecan]; in combination with irinotecan in patients who are refractory to irinotecan-based chemotherapy; or as monotherapy in patients who have failed oxaliplatin- and irinotecan-based chemotherapy or who are intolerant to irinotecan.[L30448]

Additionally, cetuximab is also indicated for metastatic colorectal cancer that is BRAF V600E mutation-positive (as determined by an FDA-approved test) in combination with [encorafenib] but only after prior therapy.[L39045]

Cetuximab is not indicated for the treatment of Ras-mutant colorectal cancer or when the results of the Ras mutation tests are unknown.[L30448]"
Leuprolide,"Leuprolide is indicated for the treatment of advanced prostate cancer [L13781, L34415] and as palliative treatment of advanced prostate cancer.[L13790] 

It is also used for the treatment of pediatric patients with central precocious puberty (CPP).[L13784, L13787] 

In combination with oral [norethisterone] (also known as norethindrone), leuprolide is also indicated for the initial treatment of the symptoms of endometriosis.[L10310] Finally, in combination with iron supplementation, leuprolide is indicated for the preoperative hematological improvement of anemic patients with uterine leiomyomata (uterine fibroids).[L13814]"
Goserelin,"Goserelin is indicated for:

- Use in combination with flutamide for the management of locally confined carcinoma of the prostate
- Palliative treatment of advanced carcinoma of the prostate
- The management of endometriosis
- Use as an endometrial-thinning agent prior to endometrial ablation for dysfunctional uterine bleeding
- Use in the palliative treatment of advanced breast cancer in pre- and perimenopausal women"
Erythropoietin,"Indicated in adult and paediatric patients for the: 

- treatment of anemia due to Chronic Kidney Disease (CKD) in patients on dialysis and not on dialysis.
- treatment of anemia due to zidovudine in patients with HIV-infection. 
- treatment of anemia due to the effects of concomitant myelosuppressive chemotherapy, and upon initiation, there is a minimum of two additional months of planned chemotherapy.
- reduction of allogeneic RBC transfusions in patients undergoing elective, noncardiac, nonvascular surgery."
Pegfilgrastim,"Pegfilgrastim is indicated to decrease the incidence of infection, as manifested by febrile neutropenia, in patients with non­ myeloid malignancies receiving myelosuppressive anti-cancer drugs associated with a clinically significant incidence of febrile neutropenia.[L44221]

It is also indicated to increase survival in patients acutely exposed to myelosuppressive doses of radiation (Hematopoietic Subsyndrome of Acute Radiation Syndrome).[L44221]"
Sargramostim,For the treatment of cancer and bone marrow transplant
Thyrotropin alfa,For detection of residueal or recurrent thyroid cancer
Anakinra,"Anakinra is an interleukin-1 receptor antagonist indicated for the reduction in signs and symptoms and slowing the progression of structural damage in moderately to severely active rheumatoid arthritis (RA), in patients 18 years of age or older who have failed one or more disease-modifying antirheumatic drugs (DMARDs). Anakinra can be used alone or in combination with DMARDs other than Tumor Necrosis Factor (TNF) blocking agents.[L35415]

Anakinra is also indicated for the treatment of Neonatal-Onset Multisystem Inflammatory Disease (NOMID) and the treatment of Deficiency of Interleukin-1 Receptor Antagonist (DIRA).[L35415] Anakinra is also used off-label for the treatment of several inflammatory diseases.[A247000]

The FDA has issued an emergency use authorization (EUA) for the emergency use of anakinra for the treatment of coronavirus disease 2019 (COVID-19) in hospitalized adults with positive results of direct SARS-CoV-2 viral testing with pneumonia requiring supplemental oxygen (low- or high-flow oxygen) who are at risk of progressing to severe respiratory failure and likely to have an elevated plasma soluble urokinase plasminogen activator receptor (suPAR). Since anakinra is approved for this condition under EUA, the drug should only be used when there are no alternative treatment available.[L43927]"
Oprelvekin,Indicated for the prevention of severe thrombocytopenia and the reduction of the need for platelet transfusions following myelosuppressive chemotherapy in adult patients with nonmyeloid malignancies who are at high risk of severe thrombocytopenia.[Label]
Palifermin,For treatment of oral mucositis associated with chemotherapy and radiation therapy.
Aldesleukin,For treatment of adults with metastatic renal cell carcinoma.
Rasburicase,"For treatment of hyperuricemia, reduces elevated plasma uric acid levels (from chemotherapy)"
Gemtuzumab ozogamicin,Indicated for the treatment of patients with CD33 positive acute myeloid leukemia in first relapse who are 60 years of age or older and who are not considered candidates for other cytotoxic chemotherapy. Indicated for the treatment of patients aged 2 years and older with CD33-positive AML who have experienced a relapse or who have not responded to initial treatment (refractory).
Indium In-111 satumomab pendetide,For diagnosis of extrahepatic malignant cancers
Trastuzumab,"For the adjuvant treatment of HER2-overexpressing breast cancer, trastuzumab is indicated in several clinical settings: as part of a treatment regimen consisting of doxorubicin, cyclophosphamide, and either paclitaxel or docetaxel; as part of a treatment regimen with docetaxel and carboplatin; or as monotherapy following multi-modality anthracycline-based therapy.[L14015]

Trastuzumab is indicated as a first-line treatment, in combination with paclitaxel, for metastatic HER2-overexpressing breast cancer, and as monotherapy in patients who have previously received one or more chemotherapy regimens in the metastatic setting.[L14015] In Europe, trastuzumab can also be used in combination with paclitaxel or docetaxel for the treatment of metastatic HER2-positive breast cancer in adult patients and with an aromatase inhibitor in postmenopausal patients.[L49324]

For HER2-positive early breast cancer, the EMA approved trastuzumab as monotherapy following surgery, chemotherapy (neoadjuvant or adjuvant), and radiation or following adjuvant chemotherapy with doxorubicin and cyclophosphamide in combination with paclitaxel or docetaxel. It can also be used in combination with adjuvant chemotherapy consisting of docetaxel and carboplatin or with neoadjuvant chemotherapy followed by adjuvant trastuzumab therapy for locally advanced (including inflammatory) disease or tumors > 2 cm in diameter.[L49324]

Trastuzumab is also indicated, in combination with cisplatin and capecitabine or 5-fluorouracil, for the treatment of patients with HER2-overexpressing metastatic gastric or gastroesophageal junction adenocarcinoma who have not received prior treatment for metastatic disease by the FDA and EMA.[L14015]

Trastuzumab is indicated for subcutaneous administration - in combination with either [hyaluronidase][L14132] or both hyaluronidase and [pertuzumab][L14510] - for the treatment of adults with HER2-positive breast cancers."
Rituximab,"Rituximab is indicated for the treatment of adult patients with relapsed or refractory, low-grade or follicular, CD20-positive, B-cell non-Hodgkin’s Lymphoma (NHL) as a single agent. Also, it is indicated for the treatment of adult patients with previously untreated follicular, CD20-positive, B-cell NHL in combination with first line chemotherapy and, in patients achieving a complete or partial response to a rituximab product in combination with chemotherapy, as single-agent maintenance therapy.[L26641,L42025,L42030,L42035,L42040] Additionally, rituximab is indicated for the treatment of adult patients with non-progressing (including stable disease), low-grade, CD20-positive, B-cell NHL as a single agent after first-line cyclophosphamide, vincristine, and prednisone (CVP) chemotherapy; and previously untreated diffuse large B-cell, CD20-positive NHL in combination with cyclophosphamide, doxorubicin, vincristine, prednisone (CHOP) or other anthracycline-based chemotherapy regimens.[L26641,L42025,L42030,L42035,L42040]

Rituximab, in combination with fludarabine and cyclophosphamide (FC), is indicated for the treatment of adult patients with previously untreated and previously treated CD20-positive chronic lymphocytic leukemia (CLL).[L26641,L42025,L42030,L42035,L42040] In combination with methotrexate, rituximab is indicated for the treatment of adult patients with moderately-to severely-active rheumatoid arthritis who have had an inadequate response to one or more TNF antagonist therapies.[L26641,L42025,L42030,L42035] Additionally, rituximab, in combination with glucocorticoids, is indicated for the treatment of adult and pediatric patients 2 years of age and older with Granulomatosis with Polyangiitis (GPA) (Wegener’s Granulomatosis) and Microscopic Polyangiitis (MPA).[L26641,L42025,L42030,L42035]

RITUXAN (rituximab injection for intravenous use) is indicated for the treatment of pediatric patients aged 6 months and older with previously untreated, advanced stage, CD20-positive diffuse large B-cell lymphoma (DLBCL), Burkitt lymphoma (BL), Burkitt-like lymphoma (BLL) or mature B-cell acute leukemia (B-AL) in combination with chemotherapy; as well as the treatment of adult patients with moderate to severe pemphigus vulgaris.[L26641] These indications for RITUXAN are not included in the labels of rituximab biosimilar products (rituximab-arrx, rituximab-abbs, rituximab-pvvr).[L42025,L42030,L42035] The combination product RITUXAN HYCELA (rituximab and hyaluronidase human injection, for subcutaneous use) is not indicated for the treatment of non-malignant conditions.[L42040]"
Capromab pendetide,For diagnosis of prostate cancer and detection of intra-pelvic metastases.
Filgrastim,"Filgrastim is indicated to decrease the incidence of infection‚ as manifested by febrile neutropenia‚ in patients with nonmyeloid malignancies receiving myelosuppressive anti-cancer drugs associated with a significant incidence of severe neutropenia with fever.[L40714]

Filgrastim is indicated for reducing the time to neutrophil recovery and the duration of fever, following induction or consolidation chemotherapy treatment of patients with acute myeloid leukemia.[L40714]

Filgrastim is indicated to reduce the duration of neutropenia and neutropenia-related clinical sequelae‚ e.g.‚ febrile neutropenia, in patients with nonmyeloid malignancies undergoing myeloablative chemotherapy followed by bone marrow transplantation.[L40714]

Filgrastim is indicated for the mobilization of autologous hematopoietic progenitor cells into the peripheral blood for collection by leukapheresis.[L40714]

Filgrastim is indicated for chronic administration to reduce the incidence and duration of sequelae of neutropenia (e.g.‚ fever‚ infections‚ oropharyngeal ulcers) in symptomatic patients with congenital neutropenia‚ cyclic neutropenia‚ or idiopathic neutropenia.[L40714]

Filgrastim is indicated to increase survival in patients acutely exposed to myelosuppressive doses of radiation.[L40714]"
Octreotide,"Octreotide by injection is used for the treatment of acromegaly and the reduction of flushing and diarrhea symptoms related to carcinoid tumors and/or vasoactive intestinal peptide (VIPoma) tumors.[L14513] The delayed-release oral formulation is used for the long-term treatment of acromegaly in patients who tolerate and respond adequately to injectable octreotide and [lanreotide].[L14507,L45528]"
Abarelix,For palliative treatment of advanced prostate cancer.
Bevacizumab,"As a vascular endothelial growth factor (VEGF) inhibitor, bevacizumab is used in several chemotherapy regimens to treat metastatic colorectal cancer; metastatic, unresectable, locally advanced or recurrent non-squamous non-small cell lung cancer; metastatic renal cell carcinoma; metastatic, persistent, or recurrent cervical cancer; primary peritoneal cancer; epithelial ovarian cancer; fallopian tube cancer; breast cancer; and recurrent glioblastoma.[L12648,L39233,L41514,L43130,L43302,L49826]

Interestingly, bevacizumab is currently under investigation for the treatment of COVID-19 complications including acute respiratory distress syndrome (ARDS) and acute lung injury (ALI).[L12699]"
Technetium Tc-99m arcitumomab,For imaging colorectal tumors
Masoprocol,Used for the treatment of actinic keratoses (precancerous skin growths that can become malignant if left untreated).
Lorazepam,"Lorazepam is FDA-approved for the short-term relief of anxiety symptoms related to anxiety disorders and anxiety associated with depressive symptoms such as anxiety-associated insomnia. It is as well used as an anesthesia premedication in adults to relieve anxiety or to produce sedation/amnesia and for the treatment of status epilepticus.[T385]

Some off-label indications of lorazepam include rapid tranquilization of an agitated patient, alcohol withdrawal delirium, alcohol withdrawal syndrome, muscle spasms, insomnia, panic disorder, delirium, chemotherapy-associated anticipatory nausea and vomiting, and psychogenic catatonia.[T385]"
Fluconazole,"Fluconazole can be administered in the treatment of the following fungal infections[L11043]:

 1) Vaginal yeast infections caused by Candida
 2) Systemic Candida infections
 3) Both esophageal and oropharyngeal candidiasis 
 4) Cryptococcal meningitis
 5) UTI (urinary tract infection) by Candida
 6) Peritonitis (inflammation of the peritoneum) caused by Candida

**A note on fungal infection prophylaxis**

Patients receiving bone marrow transplantation who are treated with cytotoxic chemotherapy and/or radiation therapy may be predisposed to candida infections, and may receive fluconazole as prophylactic therapy.[L11043]

**A note on laboratory testing**

Obtaining specimens for fungal culture and other important laboratory studies such as serology or pathology is advised before starting fluconazole therapy in order to isolate the organisms to be eliminated through treatment. It is permissible to start therapy before the results are available, however, adjusting the therapy once laboratory results confirm the causative organism may be necessary.[L11043]"
Hydroxocobalamin,"For treatment of pernicious anemia and the prevention and treatment of vitamin B12 deficiency arising from alcoholism, malabsorption, tapeworm infestation, celiac, hyperthyroidism, hepatic-biliary tract disease, persistent diarrhea, ileal resection, pancreatic cancer, renal disease, prolonged stress, vegan diets, macrobiotic diets or other restrictive diets. Also for the treatment of known or suspected cyanide poisoning."
Diethylstilbestrol,Used in the treatment of prostate cancer. Previously used in the prevention of miscarriage or premature delivery in pregnant women prone to miscarriage or premature delivery.
Clotrimazole,"**Topical preparations**

Clotrimazole topical cream is indicated for the topical treatment of the following dermal infections [F3088], [F3121]:

Tinea pedis, tinea cruris, and tinea corporis due to _Trichophyton rubrum_, _Trichophyton mentagrophytes_, _Epidermophyton floccosum_

Candidiasis due to _Candida albicans_

Tinea versicolor due to _Malassezia furfur_

Diaper rash infected by _Candida albicans_


In some preparations, clotrimazole may be combined with betamethasone dipropionate, a corticosteroid [F3121]. 

**Oral preparations**

The oral troche preparation is indicated for the local treatment of oropharyngeal candidiasis [FDA label].  It is also indicated as a prophylactic drug to reduce the incidence of oropharyngeal candidiasis in patients immunocompromised by conditions such as chemotherapy, radiotherapy, or steroid therapy utilized in the treatment of leukemia, solid tumors, or renal transplantation [FDA label]. Troche preparations are not indicated for the treatment of any systemic mycoses [FDA label]."
Carmustine,"For the treatment of brain tumors, multiple myeloma, Hodgkin's disease and Non-Hodgkin's lymphomas."
Chlorotrianisene,"Used to treat symptoms of menopause, deficiencies in ovary function (including underdevelopment of female sexual characteristics and some types of infertility), and in rare cases, prostate cancer. Chlorotrianisene may also be used to prevent breast engorgement following childbirth."
Liothyronine,"Liothyronine is officially approved for the following indications:

- Replacement therapy in primary (thyroidal), secondary (pituitary) and tertiary (hypothalamic) congenital or acquired hypothyroidism.

- As an adjunct therapy to surgery and radioiodine in the management of thyroid cancer.

- As a diagnostic agent in suppression tests for mild hyperthyroidism or thyroid gland autonomy.[FDA label]

In general terms, exogenous liothyronine is used to replace insufficient hormonal production and restore T3 plasma levels.[T457]

The lack of liothyronine can be presented as a pale and puffy face, coarse,  brittle hair, dry skin, croaky voice and constipation as well as irregular periods, drowsiness, and lethargy.[T457]

Liothyronine should never be used in the suppression of benign nodules and nontoxic diffuse goiter in iodine-sufficient patients nor in the treatment of hyperthyroidism during the recovery phase of subacute thyroiditis.[FDA label]"
Pamidronic acid,"Pamidronate is indicated to treat moderate to severe hypercalcemia of malignancy, moderate to severe Paget's disease of bone, osteolytic bone metastases of breast cancer, and osteolytic lesions of multiple myeloma.[L13838]"
Conjugated estrogens,"The conjugated estrogens are indicated for several different conditions including:

- Treatment of moderate to severe vasomotor symptoms due to menopause.
- Treatment of moderate to severe symptoms of vulvar and vaginal atrophy due to menopause.
- Treatment of hypoestrogenism due to hypogonadism, castration or primary ovarian failure.
- Palliative treatment of breast cancer in appropriately selected patients with metastatic disease.
- Palliative treatment of androgen-dependent carcinoma of the prostate.
- Preventive therapy of postmenopausal osteoporosis.[A38238]"
Bleomycin,"For palliative treatment in the management malignant neoplasm (trachea, bronchus, lung), squamous cell carcinoma, and lymphomas."
Mitomycin,"For treatment of malignant neoplasm of lip, oral cavity, pharynx, digestive organs, peritoneum, female breast, and urinary bladder. Also used as an adjunct to ab externo glaucoma surgery. Mitomycin is also indicated as a pyelocalyceal solution for the treatment of adults with low-grade upper tract urothelial cancer (LG-UTUC).[L12867]"
Gefitinib,For the continued treatment of patients with locally advanced or metastatic non-small cell lung cancer after failure of either platinum-based or docetaxel chemotherapies.
Floxuridine,"For palliative management of gastrointestinal adenocarcinoma metastatic to the liver, when given by continuous regional intra-arterial infusion in carefully selected patients who are considered incurable by surgery or other means. Also for the palliative management of liver cancer (usually administered by hepatic intra-arterial infusion)."
Megestrol acetate,"For the treatment of anorexia, cachexia, or an unexplained, significant weight loss in patients with a diagnosis of acquired immunodeficiency syndrome (AIDS). Also used for the palliative management of recurrent, inoperable, or metastatic breast cancer, endometrial cancer, and prostate cancer in Canada and some other countries."
Aminoglutethimide,"For the suppression of adrenal function in selected patients with Cushing's syndrome, malignant neoplasm of the female breast, and carcinoma in situ of the breast."
Vinorelbine,"Vinorelbine tartrate is indicated for adults in the treatment of advanced non-small cell lung cancer (NSCLC), as a single therapy or in combination with other chemotherapeutic drugs [L1998].

Used in relapsed or refractory Hodgkin lymphoma, in combination with other chemotherapy agents [L2011].
 
For the treatment of desmoid tumor or aggressive fibromatosis, in combination with methotrexate [L2011].

For the treatment of recurrent or metastatic squamous cell head and neck cancer [L2011].

For the treatment of recurrent ovarian cancer [L2011].

For the treatment of metastatic breast cancer, in patients previously treated with anthracyline and/or taxane therapy [L2011].

For the treatment of HER2-positive, trastuzumab-resistant, advanced breast cancer in patients previously treated with a taxane, in combination with trastuzumab and everolimus [L2011]."
Palonosetron,"For the prevention of acute and delayed nausea and vomiting associated with initial and repeat courses of moderately emetogenic cancer chemotherapy, as well as prevention of acute nausea and vomiting associated with highly emetogenic cancer chemotherapy. Also used for the prevention of postoperative nausea and vomiting for up to 24 hours post operation."
Dexrazoxane,For reducing the incidence and severity of cardiomyopathy associated with doxorubicin administration in women with metastatic breast cancer who have received a cumulative doxorubicin hydrochloride dose of 300 mg/m^2 and would benefit from continued doxorubicin therapy. Also approved for the treatment of extravasation from intravenous anthracyclines.
Valrubicin,For the treatment of cancer of the bladder.
Progesterone,"**Gelatinized capsules**

The gelatinized capsules are indicated for use in the prevention of endometrial hyperplasia in non-hysterectomized postmenopausal women who are receiving conjugated estrogens tablets. They are also indicated for use in secondary amenorrhea [FDA label]. 

**Vaginal gel**

Progesterone gel (8%) is indicated as progesterone supplementation or replacement as part of an Assisted Reproductive Technology (“ART”) treatment for infertile women with progesterone deficiency.  The lower concentration progesterone gel (4%) is used in the treatment of secondary amenorrhea, with the use of the 8% concentration if there is no therapeutic response to the 4% gel [F3898].

**Vaginal insert**

This form is indicated to support embryo implantation and early pregnancy by supplementation of corpus luteal function as part of an Assisted Reproductive Technology (ART) treatment program for infertile women [F3901].

**Injection (intramuscular)**

This drug is indicated in amenorrhea and abnormal uterine bleeding due to hormonal imbalance in the absence of organic pathology, such as submucous fibroids or uterine cancer [F3907]. 

**Tablets, contraceptive**

The tablet form of progesterone in contraceptive formulations is indicated for the prevention of pregnancy [F3904]."
Sorafenib,"Sorafenib is indicated for the treatment of unresectable hepatocellular carcinoma and advanced renal cell carcinoma.[L9341,L44577]

In the US, it is also indicated for the treatment of patients with locally recurrent or metastatic, progressive, differentiated thyroid carcinoma that is refractory to radioactive iodine treatment.[L9341]"
Zoledronic acid,"Zoledronic acid is indicated to treat hypercalcemia of malignancy, multiple myeloma, bone metastases from solid tumors, osteoporosis in men and postmenopausal women, glucocorticoid induced osteoporosis, and Paget's disease of bone in men and women.[L13712,L13715,L13721] Zoledronic acid is also indicated for the prevention of osteoporosis in post menopausal women and glucocorticoid induced osteoporosis.[L13712,L13715,L13721]"
Streptozocin,For the treatment of malignant neoplasms of pancreas (metastatic islet cell carcinoma).
Trifluridine,"As a standalone product, trifluridine is used for the ophthalmic treatment of primay keratoconjunctivitis and recurrent epithelial keratitis due to herpes simplex virus, types 1 and 2.[L47671] 

Trifluridine is also available as a combination product with [tipiracil], which is indicated either alone or in combination with [bevacizumab] for the treatment of adult patients with metastatic colorectal cancer who have been previously treated with fluoropyrimidine-, oxaliplatin- and irinotecan-based chemotherapy, an anti-VEGF biological therapy, and if RAS wild-type, an anti-EGFR therapy.[L47676] This combination product is also used for adult patients with metastatic gastric or gastroesophageal junction adenocarcinoma and were previously treated with at least two prior lines of chemotherapy that included a fluoropyrimidine, a platinum, either a taxane or irinotecan, and if appropriate, HER2/neu-targeted therapy.[L47676]"
Allopurinol,"Allopurinol is indicated in [FDA label]:

1) the management of patients with signs and symptoms of primary or secondary gout (acute attacks, tophi, joint destruction, uric acid lithiasis, and/or nephropathy).

2) the management of patients with leukemia, lymphoma and malignancies who are receiving cancer therapy which causes elevations of serum and urinary uric acid levels. Treatment with allopurinol should be discontinued when the potential for overproduction of uric acid is no longer present.

3) the management of patients with recurrent calcium oxalate calculi whose daily uric acid excretion exceeds 800 mg/day in male patients and 750 mg/day in female patients. Therapy in such patients should be carefully assessed initially and reassessed periodically to determine in each case that treatment is beneficial and that the benefits outweigh the risks."
Gemcitabine,"Gemcitabine is a chemotherapeutic agent used as monotherapy or in combination with other anticancer agents. 

In combination with [carboplatin], it is indicated for the treatment of advanced ovarian cancer that has relapsed at least 6 months after completion of platinum-based therapy.[L32950]

Gemcitabine in combination with [paclitaxel] is indicated for the first-line treatment of patients with metastatic breast cancer after failure of prior anthracycline-containing adjuvant chemotherapy, unless anthracyclines were clinically contraindicated.[L32950]

In combination with [cisplatin], gemcitabine is indicated for the first-line treatment of patients with inoperable, locally advanced (Stage IIIA or IIIB) or metastatic (Stage IV) non-small cell lung cancer (NSCLC).[L32950] Dual therapy with cisplatin is also used to treat patients with Stage IV (locally advanced or metastatic) transitional cell carcinoma (TCC) of the bladder.[L32955]

Gemcitabine is indicated as first-line treatment for patients with locally advanced (nonresectable Stage II or Stage III) or metastatic (Stage IV) adenocarcinoma of the pancreas. Gemcitabine is indicated for patients previously treated with [fluorouracil].[L32950]"
Epirubicin,For use as a component of adjuvant therapy in patients with evidence of axillary node tumor involvement following resection of primary breast cancer.
Levothyroxine,"Levothyroxine is indicated as replacement therapy in primary (thyroidal), secondary (pituitary) and tertiary (hypothalamic) congenital or acquired hypothyroidism. It is also indicated as an adjunct to surgery and radioiodine therapy in the management of thyrotropin-dependent well-differentiated thyroid cancer."
Verteporfin,"For the treatment of patients with predominantly classic subfoveal choroidal neovascularization due to age-related macular degeneration, pathologic myopia or presumed ocular histoplasmosis syndrome. Verteporfin can also be used to destroy tumors."
Dronabinol,"Dronabinol is indicated for the treatment of anorexia associated with weight loss in patients with AIDS, and nausea and vomiting associated with cancer chemotherapy in patients who have failed to respond adequately to conventional antiemetic treatments.[L43438]"
Duloxetine,"**Indicated** for:

1) Management of Major Depressive Disorder.[label]

2) Management of Generalized Anxiety Disorder.[label]

3) Management of diabetic peripheral neuropathy.[label]

4) Management of fibromyalgia.[label]

5) Management of chronic musculoskeletal pain.[label]

6) Management of osteoarthritis of the knee in adults.[L6364]

7) Management of chronic lower back pain in adults.[L6364]

8) Management of stress urinary incontinence in adult women.[L6367]

**Off-label** uses include:

1) Management of chemotherapy-induced peripheral neuropathy.[A178603]

2) Management of stress urinary incontinence in adult men after prostatectomy until recovery is complete.[L6370]"
Raloxifene,"Indicated for the prevention and treatment of osteoporosis in postmenopausal women, as well as prevention and treatment of corticosteroid-induced bone loss.[label]

Indicated for the reduction in the risk of invasive breast cancer in postmenopausal women with osteoporosis or postmenopausal women with a high risk for invasive breast cancer.[label]"
Nabilone,Nabilone is indicated for the treatment of the nausea and vomiting associated with cancer chemotherapy in patients who have failed to respond adequately to conventional antiemetic treatments. This restriction is required because a substantial proportion of any group of patients treated with Nabilone can be expected to experience disturbing psychotomimetic reactions not observed with other antiemetic agents.
Altretamine,For use as a single agent in the palliative treatment of patients with persistent or recurrent ovarian cancer following first-line therapy with a cisplatin and/or alkylating agent-based combination.
Flutamide,For the management of locally confined Stage B2-C and Stage D2 metastatic carcinoma of the prostate
Cisplatin,"For the treatment of metastatic testicular tumors, metastatic ovarian tumors and advanced bladder cancer."
Oxaliplatin,"Oxaliplatin, in combination with infusional fluorouracil and leucovorin, is indicated for the treatment of advanced colorectal cancer and adjuvant treatment of stage III colon cancer in patients who have undergone complete resection of the primary tumor.[L47206]"
Erlotinib,"Erlotinib is indicated for:

- The treatment of metastatic non-small cell lung cancer (NSCLC) with tumors showing epidermal growth factor receptor (EGFR) exon 19 deletions or exon 21 (L858R) substitution mutations [FDA label]. 

- In combination with first-line treatment for patients diagnosed with locally advanced, unresectable or metastatic pancreatic cancer [FDA label].

The safety and efficacy of erlotinib have not been established for patients with NSCLC whose tumors show other EGFR mutations. Additionally it is not recommended for use in combination with platinum-based chemotherapy. [FDA label]"
Cyclophosphamide,"Cyclophosphamide for intravenous injection is indicated for the treatment of a number of malignancies, including: Hodgkin’s disease, lymphocytic lymphoma, mixed-cell type lymphoma, histiocytic lymphoma, Burkitt’s lymphoma; multiple myeloma, leukemias, mycosis fungoides, neuroblastoma, adenocarcinoma of ovary, retinoblastoma, and breast carcinoma.[L50141]

Cyclophosphamide oral capsules are additionally indicated for the treatment of minimal change nephrotic syndrome in pediatric patients who fail to adequately respond to (or are unable to tolerate) adrenocorticosteroid therapy.[L50557]"
Gadoversetamide,"Gadoversetamide is an MRI contrast agent used for MRI diagnostic procedures to provide increased enhancement and visualization of lesions of the brain, spine and liver, including tumors."
Toremifene,For the treatment of metastatic breast cancer in postmenopausal women with estrogen receptor-positive or receptor-unknown tumors. Toremifene is currently under investigation as a preventative agent for prostate cancer in men with high-grade prostatic intraepithelial neoplasia and no evidence of prostate cancer.
Vincristine,"Treatment of acute lymphocytic leukemia (ALL), Hodgkin lymphoma, non-Hodgkin lymphomas, Wilms' tumor, neuroblastoma, rhabdomyosarcoma. Liposomal vincristine is indicated for the treatment of relapsed Philadelphia chromosome-negative (Ph-) acute lymphoblastic leukemia (ALL)."
Fluorouracil,"For the topical treatment of multiple actinic or solar keratoses. In the 5% strength it is also useful in the treatment of superficial basal cell carcinomas when conventional methods are impractical, such as with multiple lesions or difficult treatment sites. Fluorouracil injection is indicated in the palliative management of some types of cancer, including colon, esophageal, gastric, rectum, breast, biliary tract, stomach, head and neck, cervical, pancreas, renal cell, and carcinoid."
Methotrexate,"Methotrexate oral solution is indicated for pediatric acute lymphoblastic leukemia and pediatric polyarticular juvenile idiopathic arthritis.[L7144] Methotrexate injections for subcutaneous use are indicated for severe active rheumatoid arthritis, polyarticular juvenile idiopathic arthritis and severe, recalcitrant, disabling psoriasis.[L7147,L7150,L10457] It has also been approved by the EMA for the treatment of adult patients requiring systemic therapy for moderate-to-severe plaque psoriasis.[L48796]

Other formulations are indicated to treat gestational choriocarcinoma, chorioadenoma destruens, hydatiform mole, breast cancer, epidermoid cancer of the head and neck, advanced mycosis fungoides, lung cancer, and advanced non-Hodgkin's lymphoma.[L7180] It is also used in the maintenance of acute lymphocytic leukemia.[L7180] Methotrexate is also given before treatment with leucovorin to prolong relapse-free survival following surgical removal of a tumour in non-metastatic osteosarcoma.[L7180]"
Fondaparinux,"Approved for: (1) prophylaxis of VTE for up to one month post surgery in patients undergoing orthopedic surgery of the lower limbs such as hip fracture, hip replacement and knee surgery; (2) prophylaxis of VTE patients undergoing abdominal surgery who are at high risk of thromboembolic complications (e.g. patients undergoing abdominal cancer surgery); (3) treatment of acute DVT and PE; (4) management of UA and NSTEMI for the prevention of death and subsequent myocardial infarction (MI); and (5) management of STEMI for the prevention of death and myocardial reinfarction in patients who are managed with thrombolytics or who are initially to receive no form of reperfusion therapy. Fondaparinux should not be used as the sole anticoagulant during percutaneous coronary intervention (PCI) due to an increased risk of guiding catheter thrombosis."
Vinblastine,"For treatment of breast cancer, testicular cancer, lymphomas, neuroblastoma, Hodgkin's and non-Hodgkin's lymphomas, mycosis fungoides, histiocytosis, and Kaposi's sarcoma."
Clonidine,"Clonidine tablets and transdermal systems are indicated for the treatment of hypertension alone or in combination with other medications.[L7237,L7240] A clonidine injection is indicated for use with opiates in the treatment of severe cancer pain where opiates alone are insufficient.[L7243] An extended release tablet of clonidine is indicated for the treatment of ADHD either alone or in combination with other medications.[L7246]

Clonidine is also used for the diagnosis of pheochromocytoma,[A180565] treatment of nicotine dependance,[A180568] and opiate withdrawal.[A180571]"
Lactulose,"Lactulose is indicated for use as a laxative in the treatment of chronic constipation in adults and geriatric patients.[FDA Label,L6199,L6202]

Additionally, lactulose is also employed as an adjunct to protein restriction and supportive therapy for the prevention and treatment of portal-systemic encephalopathy (PSE), including both the hepatic pre-coma and coma variations.[FDA Label,L6199,L6202] In particular, lactulose solution has been effective at managing PSE resulting from surgical portacaval shunts or from chronic hepatic diseases like cirrhosis.[L6199]

Moreover, there have also been studies demonstrating the capacity for lactulose to minimize the formation of gallstones and even some investigations regarding the experimental use of the agent in developing novel anticancer agents owing to its ability to bind galactin carbohydrates involved in various tumor progressions [L6202]."
Medroxyprogesterone acetate,"Medroxyprogesterone acetate (MPA) oral tablets are indicated to treat secondary amenorrhea, reduce the incidence of endometrial hyperplasia in postmenopausal women, and to treat abnormal uterine bleeding due to hormonal imbalance, not organic pathology.[L8657] Oral tablets containing MPA and conjugated estrogens are indicated to prevent postmenopausal osteoporosis and to treat moderate to severe menopausal symptoms such as vasomotor symptoms, vulvar atrophy, and vaginal atrophy.[L8660] Subcutaneous MPA is indicated to prevent pregnancy and manage pain associated with endometriosis.[L8663] Intramuscular MPA is indicated to prevent pregnancy,[L8666] and at higher concentrations for palliative treatment of endometrial or renal carcinoma.[L8669]"
Imatinib,"Imatinib is indicated for the treatment of adult and pediatric chronic myeloid leukemia with Philadelphia chromosome mutation (Ph+) in blast crisis, accelerated phase, or chronic phase after IFN-alpha therapy failure.[L42080] Additionally, imatinib is also indicated to treat adult and pediatric Ph+ acute lymphoblastic leukemia, adult myelodysplastic/myeloproliferative diseases, adult aggressive systemic mastocytosis, adult hypereosinophilic syndrome and/or chronic eosinophilic leukemia (CEL), adult dermatofibrosarcoma protuberans, and malignant gastrointestinal stromal tumors (GIST).[L42080]"
Triamcinolone,"Triamcinolone hexacetonide injections are indicated for intralesional administration in alopecia areata, discoid lupus erythematosus, keloids, and necrobiosis lipoidica diabeticorum.[L8246] This formulation can also be used for localized hypertrophic infiltrated inflammatory lesions of granuloma annulare, lichen planus, lichen simplex chronicus, and psoriatic plaques.[L8246]

Triamcinolone acetonide spray and cream are indicated for the treatment of inflammatory and pruritic manifestations of corticosteroid responsive dermatoses.[L8249,L8258] A triamcinolone acetonide 10mg/mL or 40mg/mL injection is indicated intra-articularly for acute gouty arthritis, acute and subacute bursitis, acute nonspecific tenosynovitis, epicondylitis, rheumatoid arthritis, and synovitis of osteoarthritis.[L8252,L8255] The same 10mg/mL injection is indicated by the intralesional route for the treatment of alopecia areata, discoid lupus erythematosus, keloids, necrobiosis lipoidica diabeticorum, and tumors of an aponeurosis or tendon.[L8252] This formulation can also be used for localized hypertrophic infiltrated inflammatory lesions of granuloma annulare, lichen planus, lichen simplex chronicus, and psoriatic plaques.[L8252] The 40mg/mL injection is indicated intramuscularly for controlling severe allergic conditions such as asthma, atopic dermatitis, contact dermatitis, drug hypersensitivity, perennial or seasonal allergic rhinitis, serum sickness, and transfusion reactions; treatment of bullous dermatitis herpetiformis, exfoliative erythroderma, mycosis fungoides, pemphigus, Stevens-Johnson syndrome, congenital adrenal hyperplasia, hypercalcemia in
cancer, nonsuppurative thyroiditis, autoimmune hemolytic anemia, Diamond-Blackfan anemia, pure red cell aplasia, secondary thrombocytopenia, trichinosis, tuberculous meningitis, acute exacerbations of multiple sclerosis or cerebral edema, sympathetic ophthalmia, temporal arteritis, uveitis, ocular inflammation, berylliosis, idiopathic eosinophilic pneumonias, symptomatic sarcoidosis, dermatomyositis, polymyositis, and systemic lupus erythematosus; adjunct treatment of adrenocortical insufficiency, regional enteritis, ulcerative colitis, fulminating or disseminated pulmonary tuberculosis, acute gouty arthritis, acute rheumatic carditis, ankylosing spondylitis, psoriatic arthritis, rheumatoid arthritis; palliative management of leukemia and lymphoma; induction of diuresis or remission of proteinuria in idiopathic nephrotic syndrome or lupus erythematosus.[L8255] A triamcinolone intravitreal injection is indicated for the treatment of sympathetic ophthalmia, temporal arteritis, uveitis, and ocular inflammatory conditions.[L8261] The intravitreal injection is also used for visualization during vitrectomy.[L8261] An extended release suspension is indicated intra-articularly for management of pain in osteoarthritis of the knee.[L8264]

A triamcinolone acetonide suspension for injection into the suprachoroidal space is indicated for the treatment of macular edema associated with uveitis.[L38963]"
Pemetrexed,"Pemetrexed is indicated for the treatment of the following conditions:

**Non-squamous non-small cell lung cancer (NSCLC)**

- in combination with [pembrolizumab] and platinum-based chemotherapy as initial treatment in metastatic disease where no EGFR or ALK genomic tumour aberrations exist [L40943]
- in combination with [cisplatin] as initial treatment for locally advanced or metastatic disease [L40943,L44883]
- as maintenance treatment for locally advanced or metastatic disease that has not progressed following four cycles of platinum-based chemotherapy [L40943,L44883]
- recurrent metastatic disease following prior chemotherapy [L40943]
- as monotherapy for the second-line treatment of patients with locally advanced or metastatic non-squamous non-small cell lung cancer [L44883]

**Malignant pleural mesothelioma**

- in combination with [cisplatin] for the initial treatment of patients with malignant pleural mesothelioma.[L40943,L44883] In the US, it is reserved for patients whose disease is unresectable or otherwise not candidates for curative surgery.[L40943]"
Gonadorelin,For evaluating the functional capacity and response of the gonadotropes of the anterior pituitary also for evaluating residual gonadotropic function of the pituitary following removal of a pituitary tumor by surgery and/or irradiation.
Mitotane,"Mitotane is indicated for the treatment of inoperable, functional or nonfunctional, adrenocortical carcinoma.[L49570]"
Leucovorin,"For the treatment of osteosarcoma (after high dose methotrexate therapy). Used to diminish the toxicity and counteract the effects of impaired methotrexate elimination and of inadvertent overdosages of folic acid antagonists, and to treat megaloblastic anemias due to folic acid deficiency. Also used in combination with 5-fluorouracil to prolong survival in the palliative treatment of patients with advanced colorectal cancer."
Nilutamide,"For use in combination with surgical castration for the treatment of metastatic prostate cancer involving distant lymph nodes, bone, or visceral organs (Stage D2)."
Aprepitant,"For the prevention of nausea and vomiting associated with highly emetogenic cancer chemotherapy, including high-dose cisplatin (in combination with other antiemetic agents)."
Tamoxifen,"Tamoxifen is indicated to treat estrogen receptor positive metastatic breast cancer in adults, as an adjuvant in the treatment of early stage estrogen receptor positive breast cancer in adults, to reduce the risk of invasive breast cancer after surgery and radiation in adult women with ductal carcinoma in situ.[L7802]"
Midazolam,"Midazolam has different indications depending on its formulation by the FDA. 

**Nasal** 

For the nasal spray formulation, midazolam is indicated for the acute treatment of intermittent, stereotypic episodes of frequent seizure activity (i.e., seizure clusters, acute repetitive seizures) that are distinct from a patient’s usual seizure pattern in patients with epilepsy 12 years of age and older.[L44773] 

**Intravenous** 

For the intravenous injection formulation, midazolam is indicated as an agent for sedation/anxiolysis/amnesia and prior to or during diagnostic, therapeutic or endoscopic procedures, such as bronchoscopy, gastroscopy, cystoscopy, coronary angiography, cardiac catheterization, oncology procedures, radiologic procedures, suture of lacerations and other procedures either alone or in combination with other CNS depressants.[L12981] The sedative, anxiolytic and amnestic use of midazolam can also be employed pre-operatively.[L12981] It can also be indicated for induction of general anesthesia, before administration of other anesthetic agents or as a component of intravenous supplementation of nitrous oxide and oxygen for a balanced anesthesia.[L12981] A relatively narrower dose range of midazolam and a shorter period of induction can be achieved if midazolam is combined with narcotic premedication.[L12981] Finally, midazolam can be indicated as a continous intravenous infusion for sedation of intubated and mechanically ventilated patients as a component of anesthesia or during treatment in a critical care setting.[L12981]

**Intramuscular** 

For the intramusuclar injection formulation, midazolam is indicated for preoperative sedation/anxiolysis/amnesia or for treatment of status epilepticus in adults.[L12981,L45048]

**Oral**

Midazolam syrup is indicated for use in pediatric patients for sedation, anxiolysis and amnesia prior to diagnostic, therapeutic or endoscopic procedures or before induction of anesthesia. It is only approved in monitored settings only and not for chronic or home use.[L5092]

In Europe, a buccal formulation of midazolam is also approved for the treatment of prolonged, acute, convulsive seizures in infants, toddlers, children and adolescents (from 3 months to < 18 years). For infants between 3-6 months of age treatment should be in a hospital setting where monitoring is possible and resuscitation equipment is available.[L45053]"
Porfimer sodium,Indicated in the treatment of esophageal cancer.
Clodronic acid,Clodronic acid is indicated as an adjunct in the management of osteolysis from bone metastases of malignant tumors and for management of hypercalcemia of malignancy.[L13910]
Tretinoin,"Oral tretinoin is indicated for induction of remission in adults and pediatric patients one year of age and older with acute promyelocytic leukemia (APL), characterized by the presence of t(15;17) translocation or presence of PML/RARα gene expression and who are refractory to or who have relapsed from anthracycline chemotherapy or for whom anthracycline-based chemotherapy is contraindicated.[L45349]

Topical tretinoin is also indicated alone [L45389] or in combination with [benzoyl peroxide] [L34869] or [clindamycin] [L45384] for the treatment of acne vulgaris. It is also used in prescription and over-the-counter for treating various skin conditions such as melasma,[L45394] hyperpigmentation,[A257474] and photoaging [A258180] alone or in combination with other drugs."
Dolasetron,"For the prevention of nausea and vomiting associated with emetogenic cancer chemotherapy, including initial and repeat courses of chemotherapy. Also used for the prevention of postoperative nausea and vomiting. This drug can be used intravenously for the treatment of postoperative nausea and vomiting."
Irinotecan,"Irinotecan is indicated for the treatment of:
- Metastatic carcinoma of the colon or rectum as first-line treatment in combination with [fluorouracil] and [leucovorin].[L50181, L50201]
- Metastatic carcinoma of the colon or rectum whose disease has recurred or progressed following initial fluorouracil-based therapy, as monotherapy [L50201] or in combination with [fluorouracil] and [leucovorin].[L50181]

Irinotecan liposome injection is used in adults for the treatment of:
- Metastatic pancreatic adenocarcinoma in combination with [oxaliplatin], [fluorouracil], and [leucovorin] as first-line treatment.[L50186]
- Metastatic pancreatic adenocarcinoma in combination with [fluorouracil] and [leucovorin] after disease progression following gemcitabine-based therapy.[L50186]"
Etoposide,"For use in combination with other chemotherapeutic agents in the treatment of refractory testicular tumors and as first line treatment in patients with small cell lung cancer. Also used to treat other malignancies such as lymphoma, non-lymphocytic leukemia, and glioblastoma multiforme."
Estradiol,"Estradiol is indicated in various preparations for the treatment of moderate to severe vasomotor symptoms and vulvar and vaginal atrophy due to menopause, for the treatment of hypoestrogenism due to hypogonadism, castration, or primary ovarian failure, and for the prevention of postmenopausal osteoporosis. It is also used for the treatment of breast cancer (only for palliation therapy) in certain men or women with metastatic disease, and for the treatment of androgen-dependent prostate cancer (only for palliation therapy).[L11485,L11494,L11497] It is also used in combination with other hormones as a component of oral contraceptive pills for preventing pregnancy (most commonly as [DB00977], a synthetic form of estradiol).

**A note on duration of treatment**

Recommendations for treatment of menopausal symptoms changed drastically following the release of results and early termination of the Women's Health Initiative (WHI) studies in 2002 as concerns were raised regarding estrogen use.[A31626] Specifically, the combined estrogen–progestin group was discontinued after about 5 years of follow up due to a statistically significant increase in invasive breast cancer and in cardiovascular events.[A31627] 

Following extensive critique of the WHI results, Hormone Replacement Therapy (HRT) is now recommended to be used only for a short period (for 3-5 years postmenopause) in low doses, and in women without a history of breast cancer or increased risk of cardiovascular or thromboembolic disease.[A31628] Estrogen for postmenopausal symptoms should always be given with a progestin component due to estrogen's stimulatory effects on the endometrium; in women with an intact uterus, unopposed estrogen has been shown to promote the growth of the endometrium which can lead to endometrial hyperplasia and possibly cancer over the long-term."
Marimastat,For the treatment of various cancers
Uracil mustard,Used for its antineoplastic properties.
Fentanyl,"Fentanyl intravenous or intramuscular injections are indicated for short term analgesia during induction, maintenance, and recovery from general or regional anesthesia.[Label] These injections are also used with a neuroleptic for premedication, induction, and as an adjunct to maintenance of anesthesia.[Label] Finally, fentanyl intravenous or intramuscular injections are used with oxygen for anesthesia in high risk patients.[Label]

Fentanyl sublingual tablets, transmucosal lozenges, buccal tablets, sublingual sprays, transdermal systems, and nasal sprays are indicated for the management of breakthrough pain in opioid tolerant cancer patients who require around the clock pain management.[L6598,L6601,L6604,L6607,L922,L6610]"
Loperamide,"Loperamide is indicated for the relief of diarrhea, including Travelers’ Diarrhea.[L42785] As an off-label use, it is often used to manage chemotherapy-related diarrhea.[A251610]"
Levamisole,For adjuvant treatment in combination with fluorouracil after surgical resection in patients with Dukes' stage C colon cancer. Also used to treat malignant melanoma and head/neck cancer.
Dacarbazine,"For the treatment of metastatic malignant melanoma. In addition, dacarbazine is also indicated for Hodgkin's disease as a secondary-line therapy when used in combination with other antineoplastic agents."
Sirolimus,"Sirolimus is indicated for the prophylaxis of organ rejection in patients aged 13 years or older receiving renal transplants. In patients at low-to moderate-immunologic risk, it is recommended that sirolimus be used initially in a regimen with [cyclosporine] and corticosteroids; cyclosporine should be withdrawn two to four months after transplantation. In patients at high-immunologic risk (defined as Black recipients and/or repeat renal transplant recipients who lost a previous allograft for immunologic reason and/or patients with high panel-reactive antibodies [PRA; peak PRA level > 80%]), it is recommended that sirolimus be used in combination with cyclosporine and corticosteroids for the first year following transplantation.[L19809]

It is also used to treat lymphangioleiomyomatosis.[L19809] 

In the US, albumin-bound sirolimus for intravenous injection is indicated for the treatment of adult patients with locally advanced unresectable or metastatic malignant perivascular epithelioid cell tumour (PEComa).[L39267]

In Europe, it is recommended that sirolimus for the prophylaxis of organ rejection in renal transplants is used in combination with cyclosporin microemulsion and corticosteroids for two to three months. Sirolimus may be continued as maintenance therapy with corticosteroids only if cyclosporin microemulsion can be progressively discontinued.[L7021]

Topical sirolimus is indicated for the treatment of facial angiofibroma associated with tuberous sclerosis in adults and pediatric patients six years of age and older.[L41489]"
Mechlorethamine,"For the palliative treatment of Hodgkin's disease (Stages III and IV), lymphosarcoma, chronic myelocytic or chronic lymphocytic leukemia, polycythemia vera, mycosis fungoides, and bronchogenic carcinoma. Also for the palliative treatment of metastatic carcinoma resulting in effusion."
Granisetron,"For the prevention of nausea and vomiting associated with initial and repeat courses of emetogenic cancer therapy (including high dose cisplatin), postoperation, and radiation (including total body irradiation and daily fractionated abdominal radiation)."
Testolactone,For palliative treatment of advanced breast cancer in postmenopausal women.
Ethanol,"For therapeutic neurolysis of nerves or ganglia for the relief of intractable chronic pain in such conditions as inoperable cancer and trigeminal neuralgia (tic douloureux), in patients for whom neurosurgical procedures are contraindicated."
Ondansetron,"In the adult patient population:
i) orally administered ondansetron tablets and orally disintegrating tablets (ODT) are indicated for:
- the prevention of nausea and vomiting associated with emetogenic cancer chemotherapy, including high dose (ie. greater than or equal to 50 mg/m2) cisplatin therapy, and radiotherapy, and
- the prevention and treatment of postoperative nausea and vomiting

ii) intravenously administered ondansetron injection formulations are indicated for:
- the prevention of nausea and vomiting associated with emetogenic cancer chemotherapy, including high dose (ie. greater than or equal to 50 mg/m2) cisplatin therapy, and
- the prevention and treatment of postoperative nausea and vomiting

In the pediatric (4-18 years of age) patient population:
i) ondansetron was effective and well tolerated when given to children 4-12 years of age for the treatment of post-chemotherapy induced nausea and vomiting,
ii) ondansetron tablets, ondansetron ODT, ondansetron injection are not indicated for the treatment of children 3 years of age or younger,
iii) ondansetron tablets, ondansetron ODT, ondansetron injection are not indicated for use in any age group of the pediatric population for the treatment of post-radiotherapy induced nausea and vomiting, and
iV) ondansetron tablets, ondansetron ODT, ondansetron injection are not indicated for use in any age group of the pediatric population for the treatment of postoperative nausea and vomiting

In the geriatric (>65 years of age) patient population:
i) efficacy and tolerance of ondansetron were similar to that observed in younger adults for the treatment of post-chemotherapy and radiotherapy-induced nausea and vomiting, and
ii) clinical experience in the use of ondansetron in the prevention and treatment of postoperative nausea and vomiting is limited and is not indicated for use in the geriatric patient population"
Azacitidine,"Azacitidine (for subcutaneous or intravenous use) is indicated for the treatment of adult patients with the following French-American-British (FAB) myelodysplastic syndrome (MDS) subtypes: refractory anemia (RA) or refractory anemia with ringed sideroblasts (RARS) (if accompanied by neutropenia or thrombocytopenia or requiring transfusions), refractory anemia with excess blasts (RAEB), refractory anemia with excess blasts in transformation (RAEB-T), and chronic myelomonocytic leukemia (CMMoL). Azacitidine is also indicated for the treatment of pediatric patients aged 1 month and older with newly diagnosed Juvenile Myelomonocytic Leukemia (JMML).[L41910,L46861]

Azacitidine (for oral use) is indicated for continued treatment of adult patients with acute myeloid leukemia (AML) who achieved first complete remission or complete remission with incomplete blood count recovery following intensive induction chemotherapy and are not able to complete intensive curative therapy.[L35335]"
Fulvestrant,"For the treatment of hormone receptor positive metastatic breast cancer in postmenopausal women with disease progression following anti-estrogen therapy, as monotherapy or in combination with other antineoplastic agents."
Carboplatin,"Carboplatin is indicated in combination with an established combination of chemotherapeutic agents for the initial treatment of advanced ovarian carcinoma.[L32253] Carboplatin is also indicated for the palliative treatment of ovarian carcinoma, recurrent after prior chemotherapy.[L32253]"
Ethiodized oil,"For use as a radio-opaque medium for hysterosalpingography and lymphography, and as an antineoplastic agent when part of the iodine is 131-I. It is also used in follow-up imaging for chemoembolization."
Dactinomycin,"For the treatment of Wilms' tumor, childhood rhabdomyosarcoma, Ewing's sarcoma and metastatic, nonseminomatous testicular cancer as part of a combination chemotherapy and/or multi-modality treatment regimen"
Nandrolone phenpropionate,"For the treatment of refractory deficient red cell production anemias, breast carcinoma, hereditary angioedema, antithrombin III deficiency, fibrinogen excess, growth failure and Turner's syndrome. It is also indicated in the prophylaxis of hereditary angioedema."
Exemestane,For the treatment of advanced breast cancer in postmenopausal women whose disease has progressed following tamoxifen therapy.
Doxorubicin,"Doxorubicin is indicated for the treatment of neoplastic conditions like acute lymphoblastic leukemia, acute myeloblastic leukemia, Hodgkin and non-Hodgkin lymphoma, metastatic breast cancer, metastatic Wilms’ tumor, metastatic neuroblastoma, metastatic soft tissue and bone sarcomas, metastatic ovarian carcinoma, metastatic transitional cell bladder carcinoma, metastatic thyroid carcinoma, metastatic gastric carcinoma, and metastatic bronchogenic carcinoma.[L45231] Doxorubicin is also indicated for use as a component of adjuvant therapy in women with evidence of axillary lymph node involvement following resection of primary breast cancer.[L45231] For the liposomal formulation, doxorubicin is indicated for the treatment of ovarian cancer that has progressed or recurred after platinum-based chemotherapy, AIDS-Related Kaposi's Sarcoma after the failure of prior systemic chemotherapy or intolerance to such therapy, and multiple myeloma in combination with bortezomib in patients who have not previously received bortezomib and have received at least one prior therapy.[L45226]"
Letrozole,"Letrozole is indicated to treat postmenopausal women with hormone receptor (HR) positive early breast cancer, postmenopausal women with early breast cancer who have periviously been treated with tamoxifen, and postmenopausal women with HR+ or unknown advanced breast cancer.[L11623] Letrozole, given with ribociclib, is indicated to treat pre, peri, and postmenopausal women with HR+ and human epidermal growth factor 2 (HER2) negative advanced or metastatic breast cancer.[L11626]"
Cinacalcet,For the treatment of secondary hyperparathyroidism in patients with Chronic Kidney Disease who are on hemodialysis or peritoneal dialysis. Also for the treatment of hypercalcemia in patients with parathyroid carcinoma.
Topotecan,"For the treatment of advanced ovarian cancer in patients with disease that has recurred or progressed following therapy with platinum-based regimens. Also used as a second-line therapy for treatment-sensitive small cell lung cancer, as well as in combination with cisplatin for the treatment of stage IV-B, recurrent, or persistent cervical cancer not amenable to curative treatment with surgery and/or radiation therapy."
Melphalan,"Melphalan is indicated for use as a high-dose conditioning treatment prior to hematopoietic stem cell transplantation in patients with multiple myeloma.[L47890] It is also indicated for the palliative treatment of multiple myeloma and for the palliation of non-resectable epithelial carcinoma of the ovary.[L40928]

Melphalan is a component of HEPZATO KIT, a liver-directed therapy indicated for the treatment of adults with uveal melanoma with unresectable hepatic metastases affecting less than 50% of the liver and no extrahepatic disease or extrahepatic disease limited to the bone, lymph nodes, subcutaneous tissues, or lung that is amenable to resection or radiation.[L47895]"
Lubiprostone,"Lubiprostone is indicated for the treatment of adult patients with chronic idiopathic constipation, or opioid-induced constipation in patients with chronic non-cancer pain.[L4421] It is also indicated for the treatment of irritable bowel syndrome with constipation (IBS-C) in female patients ≥18 years old.[L4421]"
Ibuprofen,"Ibuprofen is the most commonly used and prescribed NSAID. It is a very common over-the-counter medication widely used as an analgesic, anti-inflammatory and antipyretic.[A39096]

The use of ibuprofen and its enantiomer [DB09213] in a racemic mix is common for the management of mild to moderate pain related to dysmenorrhea, headache, migraine, postoperative dental pain, spondylitis, osteoarthritis, rheumatoid arthritis, and soft tissue disorder.[A39097]

Due to its activity against prostaglandin and thromboxane synthesis, ibuprofen has been attributed to alteration of platelet function and prolongation of gestation and labour.[A39092]

As ibuprofen is a widely used medication, the main therapeutic indications are:

* Patent Ductus Arteriosus - it is a neonatal condition wherein the ductus arteriosus (blood vessel that connects the main pulmonary artery to the proximal descending aorta) fails to close after birth causing severe risk of heart failure. The prostaglandin inhibition of ibuprofen has been studied for the treatment of this condition as it is known that prostaglandin E2 is responsible for keeping the ductus arteriosus open.[A39100]

* Rheumatoid- and osteo-arthritis - ibuprofen is very commonly used in the symptomatic treatment of inflammatory, musculoskeletal and rheumatic disorders.[A39176]

* Cystic fibrosis - the use of high dosages of ibuprofen has been proven to decrease inflammation and decreasing polymorphonuclear cell influx in the lungs.[A39177]

* Orthostatic hypotension - ibuprofen can induce sodium retention and antagonize the effect of diuretics which has been reported to be beneficial for patients with severe orthostatic hypotension.[A1651]

* Dental pain - ibuprofen is used to manage acute and chronic orofacial pain.[A10901]

* Pain - ibuprofen is widely used to reduce minor aches and pains as well as to reduce fever and manage dysmenorrhea. It is very commonly used for the relief of acute indications such as fever and tension headaches.[A39092] It is also used to manage mild to moderate pain and moderate to severe pain as an adjunct to opioid analgesics.[L40208]

* Investigational uses - efforts have been put into developing ibuprofen for the prophylaxis of Alzheimer's disease, Parkinson disease, and breast cancer.[A39092]"
Melatonin,"Used orally for jet lag, insomnia, shift-work disorder, circadian rhythm disorders in the blind (evidence for efficacy), and benzodiazepine and nicotine withdrawal. Evidence indicates that melatonin is likely effective for treating circadian rhythm sleep disorders in blind children and adults. It has received FDA orphan drug status as an oral medication for this use. A number of studies have shown that melatonin may be effective for treating sleep-wake cycle disturbances in children and adolescents with mental retardation, autism, and other central nervous system disorders. It appears to decrease the time to fall asleep in children with developmental disabilities, such as cerebral palsy, autism, and mental retardation. It may also improve secondary insomnia associated with various sleep-wake cycle disturbances. Other possible uses for which there is some evidence for include: benzodiazepine withdrawal, cluster headache, delayed sleep phase syndrome (DSPS), primary insomnia, jet lag, nicotine withdrawal, preoperative anxiety and sedation, prostate cancer, solid tumors (when combined with IL-2 therapy in certain cancers), sunburn prevention (topical use), tardive dyskinesia, thrombocytopenia associated with cancer, chemotherapy and other disorders."
Pilocarpine,"Pilocarpine oral tablets are indicated for the treatment of dry mouth caused by Sjogren's Syndrome or radiotherapy for cancer of the head and neck.[L48566]

Pilocarpine ophthalmic formulations are used to treat presbyopia in adults,[L48556, L48631] reduce elevated intraocular pressure (IOP) in patients with open-angle glaucoma or ocular hypertension, manage acute angle-closure glaucoma, prevent postoperative elevated IOP associated with laser surgery, and induce miosis.[L48561]"
Hesperetin,"For lowering cholesterol and, possibly, otherwise favorably affecting lipids. <i>In vitro</i> research also suggests the possibility that hesperetin might have some anticancer effects and that it might have some anti-aromatase activity, as well as activity again."
Capecitabine,"Capecitabine is indicated as treatment for a variety of cancer types. For colorectal cancer, capecitabine is indicated as a single agent or a component of a combination chemotherapy regiment for the adjuvant treatment of stage III colon cancer and treatment unresectable or metastatic colorectal cancer. It can also be used as a part of a combination chemotherapy perioperative treatment of adult locally advanced rectal cancer.[L44657] For breast cancer, capecitabine is indicated for advanced or metastatic breast cancer as a single agent if an anthracycline- or taxane-containing chemotherapy is not indicated or as a regimen with docetaxel after disease progression on prior anthracycline-containing chemotherapy.[L44657] For gastric, esophageal, or gastroesophageal junction (GEJ) cancer, capecitabine is indicated as a component of a combination chemotherapy treatment for the treatment of adult unresectable or metastatic gastric, esophageal, or GEJ cancer or adult HER2-overexpressing metastatic gastric or GEJ adenocarcinoma who have not received prior treatment for metastatic disease.[L44657] Finally, for pancreatic cancer, capecitabine is indicated as adjuvant treatment for adult pancreatic adenocarcinoma as a component of a combination chemotherapy regimen.[L44657]"
Diazoxide,"Oral diazoxide is indicated to manage hypoglycemia due to hyperinsulinism associated with conditions such as inoperable islet cell adenoma or carcinoma, and extrapancreatic malignancy in adults, or leucine sensitivity, islet cell hyperplasia, nesidioblastosis, extrapancreatic malignancy, islet cell adenoma, and adenomatosis in infants and children. In infants and children oral diazoxide may be used preoperatively as a temporary measure, and postoperatively, if hypoglycemia persists.[L44612] Diazoxide may also be used parentally or intravenously to treat hypertensive emergencies.[A255632,L44622]"
Bicalutamide,Bicalutamide is indicated in combination with a luteinizing hormone-releasing hormone (LHRH) agonist for the treatment of Stage D2 metastatic carcinoma of the prostate.[L40478]
Amifostine,For reduction in the cumulative renal toxicity in patients with ovarian cancer (using cisplatin) and moderate to severe xerostomia in patients undergoing post-operative radiation treatment for head and neck cancer.
Trimetrexate,"For use, with concurrent leucovorin administration (leucovorin protection), as an alternative therapy for the treatment of moderate-to-severe <i>Pneumocystis carinii</i> pneumonia (PCP) in immunocompromised patients, including patients with the acquired immunodeficiency syndrome (AIDS). Also used to treat several types of cancer including colon cancer."
Procarbazine,For use with other anticancer drugs for the treatment of stage III and stage IV Hodgkin's disease.
Ifosfamide,"Used as a component of various chemotherapeutic regimens as third-line therapy for recurrent or refractory germ cell testicular cancer. Also used as a component of various chemotherapeutic regimens for the treatment of cervical cancer, as well as in conjunction with surgery and/or radiation therapy in the treatment of various soft tissue sarcomas. Other indications include treatment of osteosarcoma, bladder cancer, ovarian cancer. small cell lung cancer, and non-Hodgkin's lymphoma."
Fluoxymesterone,"In males, used as replacement therapy in conditions associated with symptoms of deficiency or absence of endogenous testosterone. In females, for palliation of androgenresponsive recurrent mammary cancer in women who are more than one year but less than five years postmenopausal."
Iophendylate,Iophendylate is used as a contrast agent to locate spinal tumors.
Estramustine,For the palliative treatment of patients with metastatic and/or progressive carcinoma of the prostate
Lomustine,For the treatment of primary and metastatic brain tumors as a component of combination chemotherapy in addition to appropriate surgical and/or radiotherapeutic procedures. Also used in combination with other agents as secondary therapy for the treatment of refractory or relapsed Hodgkin's disease.
Anastrozole,"Anastrozole is indicated as adjunct therapy in the treatment of hormone receptor-positive early breast cancer in postmenopausal women, and as a first-line treatment for hormone receptor-positive (or hormone receptor-unknown) locally advanced or metastatic breast cancer in postmenopausal women.[L8863] It may also be used in the treatment of advanced breast cancer in postmenopausal women who experience disease progression despite treatment with [tamoxifen].[L8866,L8863]"
Paclitaxel,"Used in the treatment of Kaposi's sarcoma and cancer of the lung, ovarian, and breast. Abraxane® is specfically indicated for the treatment of metastatic breast cancer and locally advanced or metastatic non-small cell lung cancer."
Diphenidol,"For use in the prevention and symptomatic treatment of peripheral (labyrinthine) vertigo and associated nausea and vomiting that occur in such conditions as Meniere's disease and surgery of the middle and inner ear. Also for the control of nausea and vomiting associated with postoperative states, malignant neoplasms, labyrinthine disturbances, antineoplastic agent therapy, radiation sickness, and infectious diseases."
Metoclopramide,"Metoclopramide in the oral tablet form is used for symptomatic treatment of both acute and recurrent diabetic gastroparesis, in addition to the treatment of gastroesophageal reflux disease (GERD) in patients who have failed to respond to traditional therapy.[L8414] A nasal spray formulation is also indicated to treat adults with acute, recurrent diabetic gastroparesis.[L14381]

In the intravenous injection form, it is indicated for the above conditions as well as for the prevention of vomiting that may follow emetogenic chemotherapy or nausea and vomiting after surgery. Intravenous metoclopramide facilitates intubation of the small bowel and stimulates gastric emptying and barium flow in patients who require radiological examination of the stomach or small intestine.  In some cases, the delay of gastrointestinal emptying interferes with the radiographic visualization of the gastrointestinal tract, and metoclopramide is used to facilitate emptying in these cases, allowing for adequate diagnostic visualization.[L8417]

Some off-label uses of metoclopramide include the management of radiation-induced nausea and vomiting, gastric bezoars, intractable hiccups, and migraine pain.[A184961,A184964,A184967,A40105]"
Docetaxel,"Docetaxel is indicated as a single agent for the treatment of locally advanced or metastatic breast cancer after chemotherapy failure; and with doxorubicin and cyclophosphamide as adjuvant treatment of operable node-positive BC. It is also indicated as a single agent for locally advanced or metastatic non-small cell lung cancer (NSCLC) after platinum therapy failure; and with cisplatin for unresectable, locally advanced or metastatic untreated NSCLC. For the treatment of metastatic castration-resistant prostate cancer, docetaxel is indicated with prednisone. Docetaxel is also indicated with cisplatin and fluorouracil for untreated, advanced gastric adenocarcinoma, including the gastroesophageal junction, and with cisplatin and fluorouracil for induction treatment of locally advanced squamous cell carcinoma of the head and neck (SCCHN).[L46466]"
Dasatinib,"Dasatinib is indicated for the treatment of newly diagnosed adults with Philadelphia chromosome-positive (Ph+) chronic myeloid leukemia (CML) in chronic phase, as well as adults with chronic, accelerated, or myeloid or lymphoid blast phase Ph+ CML with resistance or intolerance to prior therapy including imatinib, and adults with Philadelphia chromosome-positive acute lymphoblastic leukemia (Ph+ ALL) with resistance or intolerance to prior therapy. Dasatinib is also indicated for the treatment of pediatric patients 1 year of age and older with Ph+ CML in chronic phase or newly diagnosed Ph+ ALL in combination with chemotherapy.[L45171]"
Lapatinib,"Indicated in combination with capecitabine for the treatment of patients with advanced or metastatic breast cancer whose tumors overexpress the human epidermal receptor type 2 (HER2) protein and who have received prior therapy including an anthracycline, a taxane, and trastuzumab."
Posaconazole,"For prophylaxis of invasive <em>Aspergillus</em> and <em>Candida</em> infections in patients, 13 years of age and older, who are at high risk of developing these infections due to being severely immunocompromised as a result of procedures such as hematopoietic stem cell transplant (HSCT) recipients with graft-versus-host disease (GVHD), or due to hematologic malignancies with prolonged neutropenia from chemotherapy. Also for the treatment of oropharyngeal candidiasis, including oropharyngeal candidiasis refractory to itraconazole and/or fluconazole. Posaconazole is used as an alternative treatment for invasive aspergillosis, <em>Fusarium</em> infections, and zygomycosis in patients who are intolerant of, or whose disease is refractory to, other antifungals."
Sunitinib,"Sunitinib is indicated for the following conditions:[L4135]

- Treatment of adult patients with gastrointestinal stromal tumor (GIST) following disease progression on (or intolerance to) [imatinib] mesylate
- Treatment of adult patients with advanced renal cell carcinoma (RCC)
- Adjuvant treatment of adult patients at high risk of recurrent RCC following nephrectomy
- Treatment of progressive, well-differentiated pancreatic neuroendocrine tumors (pNET) in adult patients with unresectable locally advanced or metastatic disease"
Panitumumab,"For the treatment of EGFR-expressing, metastatic colorectal carcinoma that is refractory to fluoropyrimidine-, oxaliplatin-, and irinotecan- containing chemotherapy regimens."
Nelarabine,ARRANON is indicated for the treatment of T-cell acute lymphoblastic leukemia (T-ALL) and T-cell lymphoblastic lymphoma (T-LBL) in adult and pediatric patients age 1 year and older whose disease has not responded to or has relapsed following treatment with at least two chemotherapy regimens.[L40878]
Midomafetamine,Clinical trials are now testing the therapeutic potential of MDMA for post-traumatic stress disorder (PTSD) and anxiety associated with terminal cancer. MDMA is one of the four most widely used illicit drugs in the U.S.
Calusterone,"An anabolic steroid which can theoretically aid in restauration and buildup of certain tissues, especially muscle. It is similar to synthetic testosterone and is still in early investigation. It was also investigated for use as a treatment for metastatic breast cancer."
Liotrix,"May be used to treat primary, secondary or tertiary hypothyroidism. May also be used to suppress thyroid stimulating hormone (TSH) secretion in patients with simple (nontoxic) goiter, subacute or chronic lymphocytic thyroiditis multinodular goiter, and in the management of thyroid cancer. May be used in conjunction with other antithyroid agents to treat thyrotoxicosis to prevent goitrogenesis and hypothyroidism. May also be used for differential diagnosis of suspected mild hyperthyroidism or thyroid gland autonomy."
Everolimus,"Everolimus is indicated for the treatment of postmenopausal women with advanced hormone receptor-positive, HER2-negative breast cancer (advanced HR+ BC) in combination with exemestane, after failure of treatment with letrozole or anastrozole.
Indicated for the treatment of adult patients with progressive neuroendocrine tumors of pancreatic origin (PNET) with unresectable, locally advanced or metastatic disease.
Indicated for the treatment of adult patients with advanced renal cell carcinoma (RCC) after failure of treatment with sunitinib or sorafenib.
Indicated for the treatment of adult patients with renal angiomyolipoma and tuberous sclerosis complex (TSC), not requiring immediate surgery.
Indicated in pediatric and adult patients with tuberous sclerosis complex (TSC) for the treatment of subependymal giant cell astrocytoma (SEGA) that requires therapeutic intervention but cannot be curatively resected."
Alverine,Used to relieve cramps or spasms of the stomach and intestines. It is also useful in treating irritable bowel syndrome (IBS) and similar conditions. It can also be used to help relieve period pain. Alverine citrate is also under investigation to increase the cytotoxic effects of the proteasome inhibitor MG132 on breast cancer cells.
Genistein,Currently Genistein is being studied in clinical trials as a treatment for prostate cancer.
Epothilone D,"Investigated for use/treatment in colorectal cancer, lung cancer, breast cancer, solid tumors, and prostate cancer."
Equilin,"For the treatment of moderate to severe vasomotor symptoms associated with the menopause, atrophic vaginitis, osteoporosis, hypoestrogenism due to hypogonadism, castration, primary ovarian failure, breast cancer (for palliation only), and Advanced androgen-dependent carcinoma of the prostate (for palliation only)"
2-Methoxyestradiol,For the treatment of breast cancer and inflammatory diseases such as rheumatoid arthritis.
Patupilone,"Investigated for use/treatment in ovarian cancer, lung cancer, brain cancer, breast cancer, and gastric cancer."
Oteracil,"Oteracil is used as an adjunct to antineoplastic therapy. When used within the product Teysuno, oteracil is indicated for the treatment of adults with advanced gastric (stomach) cancer when given in combination with cisplatin."
Ubenimex,"An adjuvant therapy used  for acute and chronic myelonous leukemia, lung cancer and nasopharyngeal cancer. It is also used to treat hypercholesterolaemia."
Alvocidib,"Investigated for use/treatment in esophageal cancer, leukemia (lymphoid), lung cancer, liver cancer, and lymphoma (unspecified)."
Eniluracil,For the treatment of cancer in combination with 5-fluorouracil.
Thiotepa,"ThioTEPA is used a as conditioning treatment prior to allogeneic or autologous haematopoietic progenitor cell transplantation (HPCT) in haematological diseases in adult and paediatric patients. Also, when high dose chemotherapy with HPCT support it is appropriate for the treatment of solid tumours in adult and paediatric patients."
Quinestrol,"Used in hormone replacement therapy, treating symptoms of menopause such as hot flashes. Also used to treat breast and prostate cancer."
Camptothecin,Investigated for the treatment of cancer.
Inecalcitol,"Investigated for use/treatment in prostate cancer, psoriasis and hyperparathyroidism."
Metamizole,"Metamizole is banned in several countries, where it was previously used as a powerful analgesic and fever reducer. In countries where it is still available, metamizole is indicated for acute severe pain after injuries or surgeries, colic, tumor pain, and acute or severe pain symptoms, as well as high fever if other treatments are unsuccessful.[A251805]"
Cyproterone acetate,For the palliative treatment of patients with advanced prostatic carcinoma.
Ixabepilone,"Investigated for use/treatment in breast cancer, head and neck cancer, melanoma, lung cancer, lymphoma (non-hodgkin's), prostate cancer, renal cell carcinoma, and cancer/tumors (unspecified)."
Cediranib,"For the treatment of liver cancer, advanced non-small cell lung cancer (NSCLC), advanced colorectal cancer (CRC) and other solid tumors."
Biricodar,"Administered intravenously, biricodar dicitrate is to be used in combination with cancer chemotherapy agents."
Tirapazamine,For the treatment of head and neck cancer.
Halofuginone,"For the treatment of scleroderma, cancer, and restenosis."
Lintitript,For the treatment of pancreatic cancer and appetite disorders.
Picoplatin,For the treatment of patients with solid tumors.
Voacamine,For the treatment of malaria. Also under investigation for the modulation of multidrug resistance in cancer cells.
Vatalanib,Used in combination with first- and second-line chemotherapy for the treatment of metastatic colorectal cancer and non-small cell lung cancer (NSCLC).
Elacridar,For the treatment of solid tumors.
Edotecarin,"Clinical studies with edotecarin have shown activity in subjects with colorectal cancer, esophageal cancer and other solid tumors."
AZD3409,For the treatment of solid tumors.
Galiximab,"Investigated for use/treatment in lymphoma (non-hodgkin's), psoriasis and psoriatic disorders, bone metastases, multiple myeloma, prostate cancer, and rheumatoid arthritis."
Tesmilifene,Intended for the treatment of various forms of cancer.
Sitimagene ceradenovec,Intended for the treatment of brain cancer.
G17DT Immunogen,Intended for the treatment of various forms of cancer.
Idronoxil,Intended for the treatment of various forms of cancer.
Ranpirnase,For the treatment of various forms of cancer.
Verpasep caltespen,"Investigated for use/treatment in anal dysplasia, cervical dysplasia/cancer, genital warts, HIV infection, infectious and parasitic disease (unspecified), pediatric indications, warts, and viral infection."
Tipifarnib,"Investigated for use/treatment in colorectal cancer, leukemia (myeloid), pancreatic cancer, and solid tumors."
Oregovomab,Investigated for use/treatment in ovarian cancer.
Lucanthone,Intended for use as a radiation sensitizer in the treatment of brain cancer.
NV1020,Intended for the treatment of various forms of cancer.
Canfosfamide,Intended for the treatment of various forms of cancer.
LErafAON,Intended for the treatment of various forms of cancer.
Banoxantrone,For the treatment of various forms of cancer.
M40403,Intended for the treatment of pain and possibly various forms of cancer.
Plitidepsin,Intended for the treatment of various forms of cancer.
SP1049C,Intended for the treatment of carcinoma of the oesophagus.
CG7870,Intended for the treatment of various forms of cancer.
Tigapotide,For the treatment of late stage Hormone Refractory Prostate Cancer (HRPC) for which no effective therapy currently exists.
ZYC300,For the treatment of various forms of cancer.
IGN311,Intended for the treatment of various forms of cancer.
AP5346,For the treatment of various forms of cancer.
Satraplatin,"Investigated for use/treatment in lung cancer, prostate cancer, and solid tumors."
AGRO100,"Investigated for use/treatment in cancer/tumors (unspecified), kidney cancer, leukemia (myeloid), and pancreatic cancer."
MBO7133,Investigated for use/treatment in liver cancer.
Imexon,"Investigated for use/treatment in melanoma, multiple myeloma, ovarian cancer, pancreatic cancer, and solid tumors."
Adecatumumab,Investigated for use/treatment in breast cancer and prostate cancer.
XEN-2174,For the treatment of chronic cancer pain.
XL999,"Investigated for use/treatment in cancer/tumors (unspecified), lung cancer, and solid tumors."
Amonafide,"Investigated for use/treatment in breast cancer, ovarian cancer, and prostate cancer."
INCB7839,Investigated for use/treatment in breast cancer.
Grn163l,Investigated for use/treatment in leukemia (lymphoid) and solid tumors.
BZL101,Investigated for use/treatment in breast cancer.
VPM4001,Investigated for use/treatment in prostate cancer.
Labetuzumab,Labetuzumab is a humanized monoclonal antibody used to treat cancer.
Prinomastat,"Investigated for use/treatment in brain cancer, lung cancer, and prostate cancer."
Matuzumab,"Investigated for use/treatment in cervical dysplasia/cancer, colorectal cancer, gastric cancer, and lung cancer."
AN-9,"Investigated for use/treatment in liver cancer, lung cancer, melanoma, and leukemia (lymphoid)."
Trabectedin,"Indicated for treatment of advanced soft tissue sarcoma in patients refractory to or unsuitable to receive anthracycline or ifosfamide chemotherapy in Europe, Russia and South Korea. Approved for orphan drug status by the U.S. FDA for treatment of soft tissue sarcomas and ovarian cancer. Investigated for use/treatment in cancer/tumors (unspecified), gastric cancer, ovarian cancer, pediatric indications, sarcoma, and solid tumors."
AP5280,Investigated for use/treatment in solid tumors.
105AD7,Investigated for use/treatment in colorectal cancer.
EHC18,"Investigated for use/treatment in hepatitis (viral, C) and hepatocellular carcinoma."
Thymectacin,Investigated for use/treatment in colorectal cancer.
IGN301,Investigated for use/treatment in cancer/tumors (unspecified).
1D09C3,Intended for the treatment of various forms of cancer.
Tanespimycin,Investigated for use/treatment in leukemia (myeloid) and solid tumors.
Bavituximab,"Investigated for use/treatment in breast cancer, cancer/tumors (unspecified), HIV infection, hepatitis (viral, C), and solid tumors."
RAV12,Investigated for use/treatment in solid tumors.
LY2181308,Investigated for use/treatment in cancer/tumors (unspecified) and solid tumors.
OXI-4503,Investigated for use/treatment in cancer/tumors (unspecified).
XL820,Investigated for use/treatment in solid tumors.
CYT997,Investigated for use/treatment in solid tumors.
CG0070,Investigated for use/treatment in bladder cancer.
XL844,Investigated for use/treatment in cancer/tumors (unspecified) and solid tumors.
TST10088,Investigated for use/treatment in solid tumors.
SL017,"Investigated for use/treatment in acne, actinic keratosis, cancer/tumors (unspecified), keratoses, and skin infections/disorders."
PM02734,Investigated for use/treatment in cancer/tumors (unspecified) and solid tumors.
Topsalysin,"Investigated for use/treatment in benign prostatic hyperplasia, cancer/tumors (unspecified), prostate cancer, prostate disorders, and solid tumors."
LY2275796,Investigated for use/treatment in cancer/tumors (unspecified) and solid tumors.
Vintafolide,Investigated for use/treatment in solid tumors.
AT9283,"Investigated for use/treatment in cancer/tumors (unspecified), leukemia (myeloid), and solid tumors."
Benzimate,Investigated for use/treatment in cancer/tumors (unspecified).
PTC299,Investigated for use/treatment in cancer/tumors (unspecified) and solid tumors.
AS1409,Investigated for use/treatment in kidney cancer and melanoma.
EPC2407,Investigated for use/treatment in cancer/tumors (unspecified).
XL281,Investigated for use/treatment in solid tumors.
CYC116,Advanced solid tumors
XL418,Cancer
SF1126,For the treatment of various forms of cancer.
GMX1777,Intended for the treatment of solid tumors and lymphomas.
Alisertib,For the treatment of various forms of cancer.
Pracinostat,For the treatment of various forms of cancer.
Tetrodotoxin,For the treatment of chronic and breakthrough pain in advanced cancer patients as well as for the treatment of opioid dependence.
XL765,For the treatment of various forms of cancer.
XL019,For the treatment of various forms of cancer.
Gallium nitrate,Gallium nitrate does not currently have approved indications. It was previously used in the treatment of cancer-related hypercalcemia.[L47721]
Samarium (153Sm) lexidronam,"Investigated for use/treatment in bone metastases, multiple myeloma, prostate cancer, and rheumatoid arthritis."
MCC,Bladder cancer
SB-249553,lung cancer/melanoma
Tarenflurbil,Investigated for use/treatment in alzheimer's disease and prostate cancer.
IDM-1,Ovarian cancer
IDM-2,Investigated for use/treatment in bladder cancer.
Motexafin lutetium,"Investigated for use/treatment in brain cancer, breast cancer, cervical dysplasia/cancer, prostate cancer, cancer/tumors (unspecified), coronary artery disease, macular degeneration, and peripheral vascular disease."
Paclitaxel docosahexaenoic acid,"Investigated for use/treatment in breast cancer, colorectal cancer, gastric cancer, kidney cancer, lung cancer, pancreatic cancer, prostate cancer, and skin cancer."
Keyhole limpet hemocyanin,Investigated for use/treatment in bladder cancer and solid tumors.
Girentuximab,Investigated for use/treatment in gall bladder cancer and renal cell carcinoma.
Cintredekin besudotox,Investigated for use/treatment in brain cancer.
ANX-510,"Investigated for use/treatment in breast cancer, colorectal cancer, gall bladder cancer, and pancreatic cancer."
Oportuzumab monatox,Investigated for use/treatment in bladder cancer and head and neck cancer.
INGN 201,"Investigated for use/treatment in bladder cancer, brain cancer, breast cancer, esophageal cancer, head and neck cancer, lung cancer, oral cavity cancer, ovarian cancer, and prostate cancer."
INGN 225,"Investigated for use/treatment in breast cancer, head and neck cancer, and lung cancer."
SOT-107,Investigated for use/treatment in brain cancer.
CMC 001,Investigated for use/treatment in liver cancer.
Rindopepimut,Investigated for use/treatment in brain cancer.
Regramostim,Investigated for use/treatment in adverse effects (chemotherapy) and bone marrow transplant.
Neovastat,"Investigated for use/treatment in kidney cancer, lung cancer, macular degeneration, multiple myeloma, prostate cancer, and psoriasis and psoriatic disorders."
Tetrachlorodecaoxide,"Investigated for use/treatment in acquired immune deficiency syndrome (AIDS) and aids-related infections, cancer/tumors (unspecified), HIV infection, and inflammatory disorders (unspecified)."
INS 316,Investigated for use/treatment in lung cancer.
NOV-002,"Investigated for use/treatment in breast cancer, lung cancer, and ovarian cancer."
Corticorelin,Investigated for use/treatment in brain cancer and neurologic disorders.
GTI-2501,Investigated for use/treatment in prostate cancer and solid tumors.
VB2-011,Investigated for use/treatment in cancer/tumors (unspecified).
Pipendoxifene,Investigated for use/treatment in breast cancer.
OSI-461,"Investigated for use/treatment in crohn's disease, inflammatory bowel disease, kidney cancer, leukemia (lymphoid), and prostate cancer."
GW 597599,"Investigated for use/treatment in adverse effects (chemotherapy), anxiety disorders, depression, and gastrointestinal diseases and disorders (miscellaneous)."
Gallium maltolate,"Investigated for use/treatment in bladder cancer, lymphoma (unspecified), multiple myeloma, paget's disease, and prostate cancer."
Canertinib,Investigated for use/treatment in breast cancer and lung cancer.
Talactoferrin alfa,"Investigated for use/treatment in adverse effects (chemotherapy), cancer/tumors (unspecified), diabetic foot ulcers, lung cancer, solid tumors, and ulcers."
Motexafin gadolinium,"Investigated for use/treatment in brain cancer, cancer/tumors (unspecified), lung cancer, and lymphoma (non-hodgkin's)."
ABT-510,"Investigated for use/treatment in lymphoma (unspecified), melanoma, and solid tumors."
NAV 1800,Investigated for use/treatment in colorectal cancer and solid tumors.
IDD-1,Investigated for use/treatment in prostate cancer.
AVI-4557,Investigated for use/treatment in adverse effects (chemotherapy) and adverse effects (drug).
PX-12,"Investigated for use/treatment in cancer/tumors (unspecified), gastric cancer, and pancreatic cancer."
FM-VP4,"Investigated for use/treatment in hyperlipidemia and cancer/tumors (unspecified).

Monotherapy is recommended for people with marginally high LDL-cholesterol or who cannot be prescribed statins due to drug interactions and safety concerns. Combination Therapy is recommended if statin therapy alone is either insufficient to achieve the guidelines set by the NCEP or there is concern over side effects as Statin doses can be lowered in combination treatment without losing efficacy."
P54,"Investigated for use/treatment in cancer/tumors (unspecified), crohn's disease, inflammatory bowel disease, osteoarthritis, and ulcerative colitis."
PH-284,"Investigated for use/treatment in anorexia and other conditions causing harmful weight loss. The manufacturer suggests it could be relevant for treatment of weight loss and the associated symptoms-- i.e., lack of energy, decrease in appetite, physical wasting, vulnerability to toxicity, and sometimes reduced life expectancy-- in patients with eating disorders, patients with advanced cancer, patients with AIDS, and patients experiencing loss of appetite due to aging, acute illness, or pregnancy."
OSI-7904L,Investigated for use/treatment in gastric cancer.
Chlorotoxin I-131,"Investigated for use/treatment in various forms of brain cancer; Malignant Glioma, Glioblastoma Multiforme, GBM, Anaplastic Astrocytoma,  Oligo-Astrocytoma,  Gliosarcoma"
ISS-1018,"Investigated for use/treatment in colorectal cancer, hepatitis (viral, B), and lymphoma (non-hodgkin's).
ISS 1018 is currently being investigated in combination with HBsAg vaccine as a prophylactic treatment for to prevent Hepatitis B in adults. It has also been investigated in combination with rituximab for treatment of b-cell or non-hodgkin's lymphoma."
SGN-30,"Investigated for use/treatment in autoimmune diseases, cancer/tumors (unspecified), lymphoma (non-hodgkin's), and lymphoma (unspecified)."
WX-UK1,Investigated for use/treatment in solid tumors.
MUC1 Dendritic Cell Vaccine,Investigated for use/treatment in cancer/tumors (unspecified) and ovarian cancer.
PBI-1402,"Investigated for use/treatment in adverse effects (chemotherapy), anemia, and chemotherapy."
SN-38,Investigated for use/treatment in colorectal cancer.
ADH-1,"Investigated for use/treatment in breast cancer, cancer/tumors (unspecified), melanoma, ovarian cancer, and solid tumors."
Custirsen,Investigated for use/treatment in brain cancer and breast cancer.
ACA 125,Investigated for use/treatment in ovarian cancer.
ATN-161,Investigated for use/treatment in brain cancer and cancer/tumors (unspecified).
AVN-944,"Investigated for use/treatment in cancer/tumors (unspecified), leukemia (unspecified), lymphoma (unspecified), multiple myeloma, and pancreatic cancer."
Piclidenoson,"Investigated for use/treatment in cancer/tumors (unspecified), eye disorders/infections, psoriasis and psoriatic disorders, and rheumatoid arthritis.
Can-Fite BioPharma has reported that by targeting the adenosine A3-receptor, CF101 may also be used to treat Crohn's disease, a serious gastrointestinal disorder."
Atiprimod,"Investigated for use/treatment in cancer/tumors (unspecified), multiple myeloma, and rheumatoid arthritis."
Pelitinib,Investigated for use/treatment in colorectal cancer and lung cancer.
alpha-Pyrrolidinononanophenone,"Investigated for use/treatment in actinic keratosis, breast cancer, liver cancer, melanoma, psoriasis and psoriatic disorders, and solid tumors."
Alanosine,Investigated for use/treatment in brain cancer and cancer/tumors (unspecified).
SB-743921,Investigated for use/treatment in cancer/tumors (unspecified) and lymphoma (non-hodgkin's).
INO-1001,"Investigated for use/treatment in brain cancer, cardiovascular disorders, and myocardial infarction."
Motesanib,Investigated for use/treatment in solid tumors.
Ramucirumab,"Ramucirumab is indicated for the treatment of advanced or metastatic gastric or gastro-esophageal junction adenocarcinoma as a single agent or in combination with [paclitaxel] for patients who progress after prior fluoropyrimidine- or platinum-containing chemotherapy. It is indicated, in combination with [erlotinib], for the first-line treatment of metastatic non-small cell lung cancer with epidermal growth factor exon 19 deletions or exon 21 (L858R) point mutations. It is also indicated in combination with [docetaxel] for the treatment of metastatic non-small cell lung cancer in patients who have progressed following prior platinum-based chemotherapy. Patients who have EGFR or ALK genomic aberrations should also have disease progression following FDA-approved therapy for these aberrations. Ramucirumab, in combination with FOLFIRI ([folinic acid], [fluorouracil], and [irinotecan]), is indicated for the treatment of metastatic colorectal cancer in patients who have progressed following therapy with [bevacizumab], [oxaliplatin], and a fluoropyrimidine. Lastly, ramucirumab is indicated for the treatment of hepatocellular carcinoma in patients with an alpha-fetoprotein level ≥400 ng/mL and have previously been treated with [sorafenib].[L40938]"
Verubulin,"Investigated for use/treatment in brain cancer, lung cancer, melanoma, and solid tumors."
Blarcamesine,Investigated for use/treatment in breast cancer.
Cantuzumab ravtansine,Investigated for use/treatment in gastric cancer.
Farletuzumab,Investigated for use/treatment in ovarian cancer.
Mx-dnG1,"Investigated for use/treatment in breast cancer, gene therapy, pancreatic cancer, and sarcoma."
MKC-1,"Investigated for use/treatment in breast cancer, leukemia (unspecified), lung cancer, and solid tumors."
NE-180,"Investigated for use/treatment in anemia, cancer/tumors (unspecified), and chemotherapy."
Teverelix,"Investigated for use/treatment in benign prostatic hyperplasia, endometriosis, and prostate cancer."
CTCE-9908,"Investigated for use/treatment in cancer/tumors (unspecified), lung cancer, and sarcoma."
Retaspimycin,"Investigated for use/treatment in gastric cancer, lung cancer, and multiple myeloma."
Sodium stibogluconate,"For the treatment of various types of a protozoal infection called leishmaniasis, which may result from sandfly bites in tropical and temperate parts of the world. Also investigated for use/treatment in cancer/tumors (unspecified) and solid tumors."
IRX-2,"Investigated for use/treatment in cancer/tumors (unspecified), head and neck cancer, and solid tumors."
IRX-5183,"Investigated for use/treatment in adverse effects (chemotherapy) and blood (blood forming organ disorders, unspecified)."
Palifosfamide,"Investigated for use/treatment in cancer/tumors (unspecified), lymphoma (unspecified), and sarcoma."
ATL-104,Investigated for use/treatment in adverse effects (chemotherapy).
Sivifene,"Investigated for use/treatment in cervical dysplasia/cancer, genital warts, and skin cancer."
Trabedersen,"Investigated for use/treatment in brain cancer, colorectal cancer, melanoma, and pancreatic cancer."
GI-4000,Investigated for use/treatment in pancreatic cancer.
13-deoxydoxorubicin,Investigated for use/treatment in breast cancer and cancer/tumors (unspecified).
Maxy-G34,Investigated for use/treatment in adverse effects (chemotherapy) and neutropenics.
CGC-11047,"Investigated for use/treatment in lymphoma (unspecified), macular degeneration, prostate cancer, and solid tumors."
MVA-BN-HER-2,Investigated for use/treatment in breast cancer.
R-851,Investigated for use/treatment in cervical dysplasia/cancer and viral infection.
Trastuzumab emtansine,"Used in HER2-positive, metastatic breast cancer patients who have already used taxane and/or trastuzumab for metastatic disease or had their cancer recur within 6 months of adjuvant treatment."
ATX-101,Investigated for use/treatment in solid tumors.
LGD-1550,Investigated for use/treatment in cancer/tumors (unspecified).
Irofulven,"Investigated for use/treatment in brain cancer, breast cancer, endometrial cancer, liver cancer, lung cancer, ovarian cancer, pancreatic cancer, pediatric indications, prostate cancer, and sarcoma."
LM-609,"Investigated for use/treatment in colorectal cancer, melanoma, prostate cancer, psoriasis and psoriatic disorders, rheumatoid arthritis, and solid tumors."
MX6,Investigated for use/treatment in cervical dysplasia/cancer.
Arylacenamide,"Investigated for use/treatment in cancer/tumors (unspecified), immunosuppressive, and prostate cancer."
GEM-231,Investigated for use/treatment in solid tumors.
GTI 2040,"Investigated for use/treatment in breast cancer, colorectal cancer, leukemia (myeloid), leukemia (unspecified), myelodysplastic syndrome, prostate cancer, renal cell carcinoma, and solid tumors."
Cositecan,"Investigated for use/treatment in brain cancer, lung cancer, and melanoma."
Muparfostat,"Investigated for use/treatment in hepatocellular carcinoma, liver cancer, melanoma, and multiple myeloma."
TA-CIN,Investigated for use/treatment in cervical dysplasia/cancer.
Abiraterone,"Abiraterone is indicated for the treatment of **metastatic castration-resistant prostate cancer (mCRPC)** in combination with [methylprednisolone] [L40968] or [prednisone].[L40193, L47740, L47745] 

In Europe and Canada, it is also used in patients with mCRPC who are asymptomatic or mildly symptomatic after the failure of androgen deprivation therapy for whom chemotherapy is not yet clinically indicated.[L47740, L47745] In Europe, it is used in patients whose disease has progressed on or after a docetaxel-based chemotherapy regimen.[L47740] In Canada, it is used in patients who have received prior chemotherapy containing [docetaxel] after the failure of androgen deprivation therapy.[L47745]

Abiraterone is indicated in combination with [prednisone] for the treatment of **metastatic high-risk castration-sensitive prostate cancer (CSPC)**.[L40193] In Europe and Canada, it may also be used in combination with [prednisolone] and androgen deprivation therapy in newly diagnosed patients.[L47740, L47745]

In Canada and the US, abiraterone is also available in a combination product with [niraparib], which is indicated with [prednisone] for the treatment of adults with deleterious or suspected deleterious BRCA-mutated (BRCAm) mCRPC.[L46896, L47755] In Canada, this combination product is also used with [prednisolone] and is reserved for patients who are asymptomatic or mildly symptomatic, and in whom chemotherapy is not clinically indicated.[L46896]"
GnRH pharmaccine,Investigated for use/treatment in prostate cancer.
Laromustine,"Investigated for use/treatment in brain cancer, cancer/tumors (unspecified), colorectal cancer, leukemia (lymphoid), leukemia (myeloid), lung cancer, myelodysplastic syndrome, pediatric indications, and solid tumors."
SGN-15,"Investigated for use/treatment in breast cancer, colorectal cancer, and lung cancer."
G207,Investigated for use/treatment in brain cancer.
ING-1,Investigated for use/treatment in cancer/tumors (unspecified).
OC-1012,Investigated for use/treatment in adverse effects (chemotherapy) and head and neck cancer.
NS-3728,Investigated for use/treatment in anemia (sickle cell) and cancer/tumors (unspecified).
OSI-7836,Investigated for use/treatment in solid tumors.
AI-850,Investigated for use/treatment in breast cancer and solid tumors.
NV-07a,Investigated for use/treatment in skin cancer and skin infections/disorders.
Biomed 101,Investigated for use/treatment in adverse effects (chemotherapy) and renal cell carcinoma.
PI-166,Investigated for use/treatment in liver cancer.
Tasquinimod,Investigated for use/treatment in prostate cancer.
PPI-2458,Investigated for use/treatment in lymphoma (non-hodgkin's) and solid tumors.
99mTc-14 F7 Mab,Investigated for use/treatment in breast cancer.
anti-alpha5Beta1-integrin antibody,"Investigated for use/treatment in colorectal cancer, pancreatic cancer, and solid tumors."
MBT-0312,Investigated for use/treatment in solid tumors.
NV-18,Investigated for use/treatment in solid tumors.
Veglin,Investigated for use/treatment in cancer/tumors (unspecified) and solid tumors.
HGS-TR2J,Investigated for use/treatment in solid tumors.
rhIGFBP-3,Investigated for use/treatment in cancer/tumors (unspecified).
EP0057,Investigated for use/treatment in cancer/tumors (unspecified) and solid tumors.
KOS-1584,Investigated for use/treatment in solid tumors.
OSI-930,Investigated for use/treatment in solid tumors.
CT-011,Investigated for use/treatment in cancer/tumors (unspecified).
RTA 744,Investigated for use/treatment in brain cancer.
Dovitinib,Investigated for use/treatment in multiple myeloma and solid tumors.
GPI-0100,"Investigated for use/treatment in breast cancer, kidney cancer, leukemia (myeloid), melanoma, neuroblastoma, ovarian cancer, and prostate cancer."
Pegdinetanib,Investigated for use/treatment in cancer/tumors (unspecified) and macular degeneration.
Denibulin,Investigated for use/treatment in solid tumors.
MK-4721,Investigated for use/treatment in prostate cancer.
CTCE-0214,"Investigated for use/treatment in adverse effects (chemotherapy), blood (blood forming organ disorders, unspecified), cancer/tumors (unspecified), neutropenics, and vascular diseases."
Leronlimab,"Leronlimab is currently being investigated for the treatment of a number of cancers[A192858] and HIV.[A3922]

Recently leronlimab has begun a phase II clinical trial in severely ill COVID-19 patients.[L12684] Preliminary data shows a reduction in the 'cytokine storm', particularly IL-6, as well as a normalization of the CD4/CD8 T-cell ratio.[L12684] These results may mitigate immune mediate injury seen in severely ill COVID-19 patients.[L12684]"
Varlitinib,Investigated for use/treatment in cancer/tumors (unspecified).
EGEN-001,Investigated for use/treatment in gene therapy and ovarian cancer.
ENMD-1198,Investigated for use/treatment in cancer/tumors (unspecified) and solid tumors.
TAS-108,Investigated for use/treatment in breast cancer.
ANZ-100,Investigated for use/treatment in cancer/tumors (unspecified) and liver cancer.
PR-104,Investigated for use/treatment in cancer/tumors (unspecified) and solid tumors.
SNS-032,"Investigated for use/treatment in cancer/tumors (unspecified), leukemia (unspecified), lymphoma (unspecified), multiple myeloma, and solid tumors."
Archexin,Investigated for use/treatment in solid tumors.
Transcrocetinate,"Investigated for use/treatment in cancer/tumors (unspecified), hemorrhage, hypoxia, respiratory failure, and strokes."
Bardoxolone methyl,"Investigated for use/treatment in lymphoma (unspecified), multiple myeloma, and solid tumors."
CYT-6091,Investigated for use/treatment in cancer/tumors (unspecified) and prostate cancer.
Plinabulin,Investigated for use/treatment in cancer/tumors (unspecified).
Aldoxorubicin,Investigated for use/treatment in solid tumors.
AV-412,Investigated for use/treatment in cancer/tumors (unspecified).
GlycoPEG-GCSF,Investigated for use/treatment in adverse effects (chemotherapy) and neutropenics.
INNO-305,"Investigated for use/treatment in leukemia (myeloid), lung cancer, mesothelioma, and myelodysplastic syndrome."
MKC1106-PP,Investigated for use/treatment in solid tumors.
ARQ 171,Investigated for use/treatment in solid tumors.
Filanesib,Investigated for use/treatment in cancer/tumors (unspecified).
ZEN-012,Investigated for use/treatment in cancer/tumors (unspecified).
AZD-8330,Investigated for use/treatment in cancer/tumors (unspecified).
CAM-2029,Investigated for use/treatment in acromegaly and cancer/tumors (unspecified).
XMT-1001,Investigated for use/treatment in solid tumors.
SNX-5422,Investigated for use/treatment in cancer/tumors (unspecified).
DTS-201,Investigated for use/treatment in cancer/tumors (unspecified).
Citatuzumab Bogatox,Investigated for use/treatment in cancer/tumors (unspecified).
Linsitinib,Investigated for use/treatment in cancer/tumors (unspecified) and solid tumors.
Linifanib,"Investigated for use/treatment in leukemia (myeloid), myelodysplastic syndrome, and solid tumors."
PX-478,Investigated for use/treatment in cancer/tumors (unspecified).
Evofosfamide,Investigated for use/treatment in solid tumors.
Apatorsen,Investigated for use/treatment in cancer/tumors (unspecified).
GSK-923295,Investigated for use/treatment in cancer/tumors (unspecified) and solid tumors.
PRLX 93936,Investigated for use/treatment in solid tumors.
IMC-1C11,Investigated for use/treatment in cancer/tumors (unspecified).
TG4023,Investigated for use/treatment in colorectal cancer.
MDX-214,Investigated for use/treatment in cancer/tumors (unspecified).
SVV-001,Investigated for use/treatment in cancer/tumors (unspecified) and lung cancer.
SNS-314,Investigated for use/treatment in solid tumors.
IRL-1620,Investigated for use/treatment in cancer/tumors (unspecified).
Rubitecan,"Investigated for use/treatment in pancreatic cancer, leukemia (unspecified), melanoma, ovarian cancer, and cancer/tumors (unspecified)."
Plevitrexed,"Investigated for use/treatment in pancreatic cancer, solid tumors, gastric cancer, lung cancer, and colorectal cancer."
Canakinumab,"Canakinumab is indicated for the treatment of periodic fever syndromes in specific patient populations. In patients ≥4 years of age, canakinumab is indicated for the treatment of Cryopyrin-Associated Periodic Syndromes (CAPS), including Familial Cold Auto-inflammatory Syndrome (FCAS) and Muckle-Wells Syndrome (MWS). In adult and pediatric patients, canakinumab is also indicated for the treatment of Tumor Necrosis Factor Receptor-Associated Periodic Syndrome (TRAPS), Hyperimmunoglobulin D Syndrome (HIDS)/Mevalonate Kinase Deficiency (MKD), and Familial Mediterranean Fever (FMF).[L48006]

Canakinumab is additionally indicated in patients ≥2 years of age for the treatment of active Still's disease, including Adult-Onset Still's Disease (AOSD) and Systemic Juvenile Idiopathic Arthritis (SJIA).[L48006]

Canakinumab is also indicated for the treatment of gout flares in adult patients in whom standard therapies (e.g. NSAIDs, colchicine) are contraindicated, not tolerated, or ineffective, and in whom repeated courses of corticosteroids are not appropriate.[L48006]"
Indibulin,Investigated for use/treatment in solid tumors.
Paclitaxel trevatide,Investigated for use/treatment in brain cancer.
Noscapine,"Investigated for use/treatment in lymphoma (non-hodgkin's), leukemia (lymphoid), cancer/tumors (unspecified), and multiple myeloma."
Glufosfamide,"Investigated for use/treatment in pancreatic cancer, solid tumors, breast cancer, colorectal cancer, brain cancer, lung cancer, ovarian cancer, and sarcoma."
Talotrexin,"Investigated for use/treatment in solid tumors, lung cancer, leukemia (unspecified), and leukemia (lymphoid)."
Darinaparsin,"Investigated for use/treatment in blood (blood forming organ disorders, unspecified), cancer/tumors (unspecified), solid tumors, multiple myeloma, and liver cancer."
TG1024,Investigated for use/treatment in solid tumors and melanoma.
EMD-1201081,"Investigated for use/treatment in renal cell carcinoma, solid tumors, and lung cancer."
Talabostat,"Investigated for use/treatment in lymphoma (non-hodgkin's), leukemia (lymphoid), lung cancer, melanoma, and pancreatic cancer."
AEG35156,Investigated for use/treatment in cancer/tumors (unspecified) and leukemia (myeloid).
Ipilimumab,"Ipilimumab is indicated in the following cancerous conditions:[L42050]

**Melanoma**

- Treatment of unresectable or metastatic melanoma in patients ≥12 years old
- Treatment of unresectable or metastatic melanoma, in combination with [nivolumab], in adult patients
- Adjuvant treatment of patients with cutaneous melanoma with pathologic involvement of regional lymph nodes of >1 mm who have undergone complete resection, including total lymphadenectomy

**Renal Cell Carcinoma (RCC)**

- First-line treatment of patients with intermediate- or poor-risk advanced renal cell carcinoma in combination with nivolumab

**Colorectal Cancer**

- In combination with nivolumab, treatment of patients ≥12 years old with microsatellite instability-high (MSI-H) or mismatch repair deficient (dMMR) metastatic colorectal cancer that has progressed following previous treatment with a fluoropyrimidine, [oxaliplatin], and [irinotecan]

**Hepatocellular Carcinoma**

- In combination with nivolumab, treatment of patients with hepatocellular carcinoma who have been previously treated with sorafenib

**Non-Small Cell Lung Cancer (NSCLC)**

- Treatment of adult patients with metastatic non-small cell lung cancer expressing PD-L1, with no EFGR or ALK genomic tumor aberrations, as first-line treatment in combination with nivolumab
- Treatment of adult patients with metastatic or recurrent non-small cell lung cancer, with no EGFR or ALK genomic tumor aberrations, as first-line treatment in combination with nivolumab and 2 cycles of platinum-doublet chemotherapy

**Malignant Pleural Mesothelioma**

- Treatment of adult patients with unresectable malignant pleural mesothelioma, as first-line treatment in combination with nivolumab

**Esophageal Cancer**
- Treatment of adult patients with unresectable advanced or metastatic esophageal squamous cell carcinoma, as first line treatment in combination with nivolumab"
Ispinesib,"Investigated for use/treatment in breast cancer, lung cancer, solid tumors, renal cell carcinoma, pediatric indications, ovarian cancer, and head and neck cancer."
Nimotuzumab,"Investigated for use/treatment in head and neck cancer, brain cancer, pediatric indications, pancreatic cancer, lung cancer, and colorectal cancer."
Pixantrone,"Currently in Phase III investigation for treatment of relapsed or refractory aggressive non-Hodgkin's lymphoma in patients who have failed two prior lines of therapy. Presently, no standard therapy exists for patients with relapsed or refractory NHL. [2] After first line therapy has been initiated, most patients have received their lifetime limit of doxorubicin and further use of anthracyclines may potentially lead to anthracycline-induced congestive heart failure (CHF). Pixantrone is an attractive alternative as a second line agent, due to its lack of cardiac toxicity. [2] 

The phase III trial, PIX-R, is ongoing and will compare pixantrone multidrug therapy with an equivalent regimen in patients with diffuse large B-cell lymphoma (the most common type of NHL).

Previous study results have also suggested the possibility that pixantrone may be safe and effective in doxorubicin naive patients. In myocardial strips which are doxorubicin naive, pixantrone is taken up to a higher degree than in myocardial strips which are doxorubicin exposed, and once absorbed exhibits redox inactivity. [3] 

Pixantrone dimaleate has also been investigated as a treatment for acute myelogenous leukemia, diffuse large B-cell lymphoma, follicular lymphoma, metastatic breast cancer, low grade small lymphocytic lymphomas and general metastatic cancers."
Seliciclib,"Investigated for use/treatment in breast cancer, lung cancer, lymphoma (unspecified), multiple myeloma, leukemia (lymphoid), and cancer/tumors (unspecified)."
Atrasentan,Investigated for use/treatment in prostate cancer and cancer/tumors (unspecified).
Lasofoxifene,"Investigated for use/treatment in postmenopausal osteoporosis to reduce the risk of both vertebral and novertebral fractures, as well as address other postmenopausal conditions, including reduction in risk of breast cancer and treatment of vulvar and vaginal atrophy (VVA)"
Nelipepimut-S,Investigated for use/treatment in prostate cancer and breast cancer.
Ridaforolimus,"Investigated for use/treatment in solid tumors, sarcoma, cancer/tumors (unspecified), endometrial cancer, prostate cancer, and bone metastases."
Vadimezan,"Investigated for use/treatment in solid tumors, lung cancer, ovarian cancer, and prostate cancer."
Tipapkinogene sovacivec,"Investigated for use/treatment in cervical dysplasia/cancer, viral infection, and vulvar dysplasia and carcinoma."
Tariquidar,"Investigated for use/treatment in ovarian cancer, lung cancer, and breast cancer."
Exisulind,"Investigated for use/treatment in adenomatous polyposis coli, lung cancer, prostate cancer, colon polyps, Barrett's esophagus disease, and pediatric indications."
Arzoxifene,"Investigated for use/treatment in breast cancer, osteoporosis, and endometrial cancer."
Fluasterone,"Investigated for use/treatment in psoriasis and psoriatic disorders, hyperlipidemia, metabolic disease, cancer/tumors (unspecified), and obesity."
Incadronic acid,"Incadronate has been investigated in the treatment of myeloma,[A14426,A14431] leukemia,[A14427] and other cancers.[A202769] It has also been investigated in patients with hypercalcemia of malignancy.[A202862]"
HE-2200,"Investigated for use/treatment in adverse effects (chemotherapy), hyperlipidemia, autoimmune diseases, and hepatitis (viral, B)."
Hexaminolevulinate,Hexaminolevulinate is indicated for use in the cystoscopic detection of non-muscle invasive papillary cancer of the bladder among patients suspected or known to have lesion(s) on the basis of a prior cystoscopy.
Amrubicin,Investigated for use/treatment in lung cancer [A4138].
Lonidamine,"Investigated for use/treatment in benign prostatic hyperplasia, prostate disorders, and cancer/tumors (unspecified)."
Tanomastat,"Investigated for use/treatment in pancreatic cancer, lung cancer, ovarian cancer, and osteoarthritis."
Temsirolimus,"For the treatment of renal cell carcinoma (RCC). Also investigated for use/treatment in breast cancer, lymphoma (unspecified), rheumatoid arthritis, and multiple myeloma."
Glesatinib,Investigated for use/treatment in cancer/tumors (unspecified).
BIIB015,Investigated for use/treatment in solid tumors.
Sonepcizumab,Investigated for use/treatment in solid tumors.
Onalespib,Investigated for use/treatment in cancer/tumors (unspecified).
Apoptone,Investigated for use/treatment in cancer/tumors (unspecified).
Refametinib,Investigated for use/treatment in cancer/tumors (unspecified).
BNC105,Investigated for use/treatment in cancer/tumors (unspecified).
SGX-523,Investigated for use/treatment in solid tumors and cancer/tumors (unspecified).
Carotuximab,Investigated for use/treatment in solid tumors.
Methoxyamine,Investigated for use/treatment in cancer/tumors (unspecified).
RG-7795,Investigated for use/treatment in solid tumors.
4-O-Demethylpenclomedine,Investigated for use/treatment in solid tumors.
Tucidinostat,Investigated for use/treatment in cancer/tumors (unspecified).
Elsiglutide,Investigated for use/treatment in diarrhea and adverse effects (chemotherapy).
Cenisertib,"Investigated for use/treatment in solid tumors, leukemia (myeloid), myelodysplastic syndrome, and cancer/tumors (unspecified)."
SPC2968,Investigated for use/treatment in solid tumors and lymphoma (unspecified).
TRC093,Investigated for use/treatment in solid tumors and cancer/tumors (unspecified).
G4460,Investigated for use/treatment in cancer/tumors (unspecified) and leukemia (myeloid).
rsPSMA Vaccine,Investigated for use/treatment in prostate cancer.
Becatecarin,"Investigated for use/treatment in cancer/tumors (unspecified), liver cancer, gastric cancer, and leukemia (unspecified)."
XR5944,Investigated for use/treatment in solid tumors.
Sapacitabine,"Investigated for use/treatment in solid tumors, cutaneous t-cell lymphoma, myelodysplastic syndrome, and leukemia (lymphoid)."
Pertuzumab,"Pertuzumab is indicated for intravenous administration in combination with [trastuzumab] and [docetaxel] for the treatment of patients with HER2-positive metastatic breast cancer who have not received prior anti-HER2 therapy or chemotherapy for metastatic disease.[L14747] It is also indicated in combination with trastuzumab and other chemotherapies for the neoadjuvant treatment of HER2-positive locally advanced, inflammatory, or early-stage breast cancer as part of a complete treatment regimen[L14747] and as adjuvant treatment in patients with HER2-positive early-stage breast cancer at high risk of recurrence.[L14747]

Pertuzumab is also indicated for subcutaneous injection - in combination with trastuzumab and [hyaluronidase] - in the treatment of HER2-positive breast cancers in adults.[L14510]"
Indisulam,Investigated for use/treatment in lung cancer.
ASI402,Investigated for use/treatment in breast cancer.
Elacestrant,"Elacestrant is indicated for the treatment of postmenopausal women or adult men with ER-positive, HER2-negative, ESR1-mutated advanced or metastatic breast cancer with disease progression following at least one line of endocrine therapy.[L44918] Elacestrant is indicated for the same in the EU, with an additional requirement that patients trial a CDK 4/6 inhibitor as a prior line of therapy.[L49329]"
Vitespen,"Investigated for use/treatment in kidney cancer, melanoma, renal cell carcinoma, lymphoma (unspecified), colorectal cancer, and brain cancer."
Annamycin,Investigated for use/treatment in breast cancer and leukemia (unspecified).
Declopramide,Investigated for use/treatment in colorectal cancer and inflammatory bowel disease.
Endostatin,"Investigated for use/treatment in cancer/tumors (unspecified), macular degeneration, and diabetic retinopathy."
Tezacitabine,"Investigated for use/treatment in colorectal cancer, lung cancer, leukemia (unspecified), and gastric cancer."
Semaxanib,Investigated for use/treatment in colorectal cancer and lung cancer.
Diethylnorspermine,"Investigated for use/treatment in renal cell carcinoma, pancreatic cancer, melanoma, and lung cancer."
Aprinocarsen,Investigated for use/treatment in lung cancer.
Mirostipen,"Investigated for use/treatment in breast cancer, lung cancer, and ovarian cancer."
Meclinertant,"Investigated for use/treatment in colorectal cancer, prostate cancer, schizophrenia and schizoaffective disorders, psychosis, depression, and lung cancer."
Squalamine,"Investigated for use/treatment in ovarian cancer, lung cancer, and macular degeneration."
Mitumomab,Investigated for use/treatment in lung cancer and melanoma.
Apolizumab,"Investigated for use/treatment in lymphoma (non-hodgkin's), leukemia (lymphoid), and solid tumors."
Lestaurtinib,"Investigated for use/treatment in pancreatic cancer, prostate cancer, and leukemia (myeloid)."
Sibrotuzumab,"Investigated for use/treatment in cancer/tumors (unspecified), colorectal cancer, and lung cancer."
Porfiromycin,Investigated for use/treatment in head and neck cancer.
Ropidoxuridine,Investigated for use/treatment in cancer/tumors (unspecified).
Enzastaurin,"Investigated for use/treatment in brain cancer, lymphoma (non-hodgkin's), and lung cancer."
Velafermin,Investigated for use/treatment in adverse effects (chemotherapy).
L523S,Investigated for use/treatment in lung cancer.
IGN101,"Investigated for use/treatment in breast cancer, colorectal cancer, and lung cancer."
MLN2704,Investigated for use/treatment in prostate cancer.
MLN576,Investigated for use/treatment in solid tumors.
Astaxanthin,"Investigated for use/treatment in eye disorders/infections, cancer/tumors (unspecified), and asthma."
MG98,"Investigated for use/treatment in head and neck cancer, renal cell carcinoma, myelodysplastic syndrome, and leukemia (myeloid)."
Minodronic acid,"Investigated for use/treatment in multiple myeloma, breast cancer, osteoporosis, and lung cancer."
Labradimil,Investigated for use/treatment in brain cancer and pediatric indications.
Bivatuzumab,Investigated for use/treatment in cancer/tumors (unspecified) and head and neck cancer.
Anpocogin,"Investigated for use/treatment in thrombosis (deep vein), angina, coronary artery disease, and colorectal cancer."
Emfilermin,"Investigated for use/treatment in adverse effects (chemotherapy), reproductive health, and infertility."
Rebimastat,Investigated for use/treatment in lung cancer and prostate cancer.
TG4010,"Investigated for use/treatment in breast cancer, renal cell carcinoma, prostate cancer, and lung cancer."
Triphendiol,Investigated for use/treatment in cancer/tumors (unspecified).
Pazopanib,Treatment of advanced renal cell cancer and advanced soft tissue sarcoma (in patients previously treated with chemotherapy)
Pegargiminase,Investigated for use/treatment in melanoma and hepatocellular carcinoma.
Brostallicin,Investigated for use/treatment in solid tumors.
Lexatumumab,Investigated for use/treatment in cancer/tumors (unspecified).
Catumaxomab,For use in the management of malignant ascites tumours via intraperitoneal infusion where standard therapy is not available or feasible [FDA Label].
Axitinib,Used in kidney cell cancer and investigated for use/treatment in pancreatic and thyroid cancer.
IMA901,Investigated for use/treatment in kidney cancer.
Zibotentan,Investigated for use/treatment in prostate cancer.
Casopitant,Investigated for use/treatment in urinary incontinence and adverse effects (chemotherapy).
Perifosine,"Investigated for use/treatment in solid tumors, multiple myeloma, leukemia (unspecified), lung cancer, and brain cancer."
Denosumab,"Denosumab under the brand name Prolia is indicated as a treatment for osteoporosis in menopausal women or men and glucocorticoid-induced osteoporosis in men and women at high risk of fracture. It is also used to increase bone mass in men at high risk for fractures receiving androgen deprivation therapy for nonmetastatic prostate cancer or women at high risk for fractures receiving adjuvant aromatase inhibitor therapy for breast cancer.[L49796] 

Denosumab under the brand name Xgeva is indicated to prevent skeletal-related events in patients with multiple myeloma and in patients with bone metastases from solid tumors and to treat giant cell tumors of bone in adults and skeletally mature adolescents and hypercalcemia of malignancy refractory to bisphosphonate therapy.[L49806]"
Volociximab,"Investigated for use/treatment in solid tumors, renal cell carcinoma, melanoma, pancreatic cancer, lung cancer, and ovarian cancer."
TAS-106,Investigated for use/treatment in solid tumors and cancer/tumors (unspecified).
Sipuleucel-T,Sipuleucel-T is an autologous cellular immunotherapy indicated for the treatment of asymptomatic or minimally symptomatic metastatic castrate resistant (hormone refractory) prostate cancer.
Degarelix,"In Canada and the US, degarelix is indicated for the treatment of advanced prostate cancer in patients requiring androgen deprivation therapy.[L49355,L49360] In the EU, it is more specifically indicated for the treatment of adult male patients with advanced hormone-dependent prostate cancer, and for treatment of high-risk localized and locally advanced hormone-dependent prostate cancer, in combination with radiotherapy or as a neo-adjuvant prior to radiotherapy.[L49374]"
Methyltestosterone,"Methyltestosterone is an anabolic steroid hormone used to treat men with a testosterone deficiency. It is also used in women to treat breast cancer, breast pain, swelling due to pregnancy, and with the addition of estrogen it can treat symptoms of menopause."
Norelgestromin,Norelgestromin is used for contraception and menopausal hormonal therapy. Norelgestromin may potentially be used in breast cancer treatment due to its inhibitory effect on estrone sulfatase . They convert sulfated steroid precursors to estrogen during pregnancy.
Fosaprepitant,"Fosaprepitant is indicated in adult and pediatric patients ≥6 months of age, in combination with other antiemetic agents, for the prevention of acute and delayed nausea and vomiting associated with initial and repeat courses of highly emetogenic cancer chemotherapy, including high-dose [cisplatin].[L40338] It is also indicated for the treatment of delayed nausea and vomiting with initial and repeat courses of moderately emetogenic cancer chemotherapy.[L40338]"
Buserelin,"Buserelin may be used in the treatment of hormone-responsive cancers such as prostate cancer or breast cancer, estrogen-dependent conditions (such as endometriosis or uterine fibroids), and in assisted reproduction."
Ketobemidone,"For the treatment of all types of severe pain, such as postoperative, cancer, kidney stones and fractures."
Cabazitaxel,"Cabazitaxel is indicated, in combination with [prednisone], for the treatment of patients with metastatic castration-resistant prostate cancer previously treated with a [docetaxel]-containing treatment regimen.[L47366] In Europe and Canada, it can also be used in combination with [prednisolone].[L47376, L47381]"
Dalteparin,"Dalteparin is used as a prophylaxis for deep-vein thrombosis and pulmonary embolisms in patients undergoing general surgery (e.g., abdominal, gynecologic, urologic), and in patients with acute medical conditions (e.g. cancer, bed rest, heart failure, severe lung disease). It is also used in patients who have severely restricted mobility, which poses a risk for thromboembolic complications. 

Dalteparin is also used concomitantly with aspirin and/or other therapy (e.g., nitrates, β-adrenergic blockers, clopidogrel, platelet glycoprotein [GP] IIb/IIIa-receptor inhibitors) to reduce the risk of acute cardiac ischemic events. The patients who undergo this treatment combination have unstable angina or non-ST-segment elevation/non-Q-wave myocardial infarction (i.e., non-ST-segment elevation acute coronary syndromes).

It is also used in the prevention of clotting during hemodialysis and hemofiltration in connection with acute renal failure or chronic renal insufficiency."
Gallium citrate Ga-67,"Gallium Citrate Ga 67 Injection may be useful to demonstrate the presence and extent of Hodgkin's disease, lymphoma, and bronchogenic carcinoma. Positive gallium Ga-67 uptake in the absence of prior symptoms warrants follow-up as an indication of a potential disease state. Gallium Citrate Ga 67 Injection may be useful as an aid in detecting some acute inflammatory lesions."
Histrelin,"As the product Supprelin LA (FDA), histrelin is indicated for the treatment of children with central precocious puberty (CPP).[L41700] As the product Vantas (FDA), histrelin is indicated for the palliative treatment of advanced prostate cancer.[L41715]"
Lanreotide,"Lanreotide is indicated for the long-term treatment of patients with acromegaly who have had an inadequate response to, or cannot be treated with, surgery and/or radiotherapy.[L41115] It is also indicated in the treatment of adult patients with unresectable, well- or moderately-differentiated, locally advanced or metastatic gastroenteropancreatic neuroendocrine tumors (GEP-NETs) to improve progression-free survival.[L41115]

Lanreotide is additionally indicated for the treatment of adults with carcinoid syndrome - when used, it reduces the frequency of short-acting somatostatin analog rescue therapy.[L41115]"
Plicamycin,"For the treatment of testicular cancer, as well as hypercalcemia and hypercalciuria associated with a variety of advanced forms of cancer."
Triptorelin,Triptorelin is indicated for the palliative treatment of advanced prostate cancer.
AT-7519,"Investigated for use/treatment in leukemia (unspecified), lymphoma (unspecified), myelodysplastic syndrome, and solid tumors."
Vismodegib,"Vismodegib is indicated for the treatment of adults with metastatic basal cell carcinoma, or with locally advanced basal cell carcinoma that has recurred following surgery or who are not candidates for surgery and who are not candidates for radiation.[L45803]"
2-deoxyglucose,"As of July 2013, there is no approved therapeutic indication for 2-deoxyglucose. 2-deoxyglucose may have several potential indications as an adjunct to chemotherapy and radiotherapy in the treatment of solid tumors, as an antiviral treatment in herpes simplex patients, and as an antiepileptic in temporal lobe epilepsy patients."
Taurochenodeoxycholic acid,Taurochenodeoxycholic acid is likely indicated as a choleretic and cholagogue. It is also being investigated for its role in inflammation and cancer therapy.
Acetylcarnitine,"Acetylcarnitine is not approved for any indication in the United states and Canada, but it is approved and indicated in Italy for cerebrovascular disorders, mental function disorders, peripheral nerve disorders, diabetic neuropathy, and nutritional supplementation; Portugal for mental function disorders; Argentina for cerebral vasculopathy, nutritional supplementation, and peripheral neuropathy; Chile for dementia; Philippines for cerebrovascular disorders and mental function disorders; Australia for nutritional supplementation; and India for nutritional supplementation to increase sperm count. Acetylcarnitine also has several potential therapeutic indications for which it is still being investigated: in Norway, acetylcarnitine is in a phase IV trial for prophylactic treatment of migraines; in Italy acetylcarnitine is in a phase II trial for use in patients with type 2 Diabetes Mellitus, a phase III trial for alleviating fatigue in patients with chronic hepatitis C, and for use in patients with Minimal Hepatic Encephalopathy; in the United States acetylcarnitine is in a phase II trial for the neurodegenerative disorder Progressive Supranuclear Palsy, a phase II and III trial for reducing peripheral neuropathy in cancer patients as an adjunct to chemotherapy, a phase I and II trial for treating patients in septic shock, a phase II trial for bipolar depression, a phase II trial to reduce oxidative stress in patients with Sickle Cell disease, a phase I and II trial for chronic fatigue syndrome, and a study for preventing nerve damage in HIV patients; in China acetylcarnitine is in a phase III trial for reducing peripheral neuropathy in cancer patients as an adjunct to chemotherapy; in the United Kingdom acetylcarnitine is being investigated for preventing nerve damage in HIV patients; and in Israel acetylcarnitine is being studied for the treatment of male infertility."
Crizotinib,"Crizotinib is a kinase inhibitor indicated for the treatment of patients with metastatic non-small cell lung cancer (NSCLC) whose tumors are anaplastic lymphoma kinase (ALK) or ROS1-positive as detected by an FDA-approved test.[L42460] Crizotinib is also indicated for the treatment of relapsed or refractory, systemic anaplastic large cell lymphoma (ALCL) that is ALK-positive in pediatric patients 1 year of age and older and young adults. The safety and efficacy of crizotinib have not been established in older adults with relapsed or refractory, systemic ALK-positive ALCL.[L42460] Additionally, crizotinib is indicated for the treatment of adult and pediatric patients 1 year of age and older with unresectable, recurrent, or refractory inflammatory myofibroblastic tumor (IMT) that is ALK-positive.[L42460]"
Brentuximab vedotin,"Brentuximab vedotin is indicated in adult patients for the treatment of previously untreated stage III or IV classical Hodgkin's lymphoma (cHL) in combination with [doxorubicin], [vinblastine], and [dacarbazine]. It is also indicated for the treatment of cHL post-autologous hematopoietic stem cell transplantation (auto-HSCT) in patients at high risk of relapse or progression. Finally, it may be used in the treatment of adult patients with cHL who have previously failed either auto-HSCT or at least two prior multi-agent chemotherapy regimens if they are not candidates for auto-HSCT.[L39789]

Brentuximab vedotin is additionally indicated in the treatment of previously untreated systemic anaplastic large cell lymphoma (sALCL), or other CD30-expressing peripheral T-cell lymphomas (PTCL), in combination with [cyclophosphamide], doxorubicin, and [prednisone]. It may also be used as monotherapy in sALCL after therapeutic failure of a least one prior multi-agent chemotherapy regimen.[L39789]

Brentuximab vedotin is also indicated in the treatment of primary cutaneous large anaplastic large cell lymphoma, or CD30-expressing mycosis fungoides, who have received prior systemic therapy.[L39789]"
Eribulin,For the treatment of patients with metastatic breast cancer who have previously received at least two chemotherapeutic regimens for the treatment of metastatic cancer.
Cabozantinib,"Cabozantinib is indicated for the treatment of progressive, metastatic medullary thyroid cancer.[L15123] It is also indicated for the treatment of advanced renal cell carcinoma and for hepatocellular carcinoma in patients previously treated with sorafenib.[L15128,L15133]"
Aminopterin,"Prior to its withdrawal, aminopterin was initially used in the treatment of childhood leukemia; specifically to induce remissions. Later, aminopterin was used off-label in the United States to treat psoriasis, yielding dramatic lesion clearing. Aminopterin was later supplanted by methotrexate for treating cancer because of its better therapeutic index. Aminopterin (as well as methotrexate) has also been explored for use as an abortifacient. However, their association with severe congenital malformations and teratogenic effects have become known as fetal aminopterin syndrome."
Vemurafenib,"Vemurafenib is approved since 2011 for the treatment of metastatic melanoma with a mutation on BRAF in the valine located in the exon 15 at codon 600, this mutation is denominated as V600E.[A31270] The V600E mutation, a substitution of glutamic acid for valine, accounts for 54% of the cases of cutaneous melanoma.[A31271] 
Vemurafenib approval was extended in 2017, for its use as a treatment of adult patients with Erdheim-Chester Disease whose cancer cells present BRAF V600 mutation.[L1013] Erdheim-Chester disease is an extremely rare histiocyte cell disorder that affects large bones, large vessels, central nervous system, as well as, skin and lungs. It is reported an association of Erdheim-Chester disease and V600E mutation.[A31272]"
Aflibercept,"The opthalmic agent is used for the treatment of neovascular (Wet) age-related macular degeneration (AMD), macular edema following retinal vein occlusion (RVO), diabetic macular edema (DME), diabetic retinopathy (DR), and retinopathy of prematurity (ROP).[L45136]

The systemic injection, known as ziv-aflibercept, in combination with 5-fluorouracil, leucovorin, irinotecan-(FOLFIRI), is for the treatment of metastatic colorectal cancer that is resistant to or progressed following treatment with oxaliplatin.[L45141]"
Regorafenib,"Regorafenib is indicated for the treatment of patients with metastatic colorectal cancer (CRC) who have been previously treated with fluoropyrimidine-, oxaliplatin- and irinotecan-based chemotherapy, an anti-VEGF therapy, and, if KRAS wild type, an anti-EGFR therapy. Regorafenib is also indicated for the treatment of patients with locally advanced, unresectable or metastatic gastrointestinal stromal tumour (GIST) who have been previously treated with imatinib mesylate and sunitinib malate. Regorafenib is also indicated for the treatment of patients with hepatocellular carcinoma (HCC) previously treated with sorafenib.[L16835]"
Enzalutamide,"Enzalutamide is indicated for the treatment of castration-resistant prostate cancer, metastatic castration-sensitive prostate cancer (mCSPC), and non-metastatic castration-sensitive prostate cancer (nmCSPC) with biochemical recurrence at high risk for metastasis (high-risk BCR).[L48776, L51048] It is also used in combination with [talazoparib] for the treatment of adult patients with HRR gene-mutated mCRPC.[L47236, L47306]"
Formestane,For the treatment of estrogen-receptor positive breast cancer in post-menopausal women.
Trametinib,"Trametinib is indicated as monotherapy for the treatment of BRAF-inhibitor treatment-naïve patients with unresectable or metastatic melanoma with BRAF V600E or V600K mutations.[L2727,L45583]

It is used in combination with [dabrafenib] for the:

- treatment of unresectable or metastatic melanoma with BRAF V600E or V600K mutations.[L45558]
- adjuvant treatment of patients with melanoma with BRAF V600E or V600K mutations and involvement of lymph node(s), following complete resection.[L45558,L45583]
- treatment of patients with metastatic non-small cell lung cancer (NSCLC) with BRAF V600E mutation.[L45558] In Europe, it is indicated for the treatment of adults with advanced non-small cell lung cancer with a BRAF V600 mutation.[L45583]
- treatment of patients with locally advanced or metastatic anaplastic thyroid cancer (ATC) with BRAF V600E mutation and with no satisfactory locoregional treatment options.[L45558]
- the treatment of adult and pediatric patients six years of age and older with unresectable or metastatic solid tumours with BRAF V600E mutation who have progressed following prior treatment and have no satisfactory alternative treatment options. In the US, this indication is approved under accelerated approval based on the overall response rate and duration of response. Continued approval for this indication may be contingent upon verification and description of clinical benefit in a confirmatory trial(s).[L45558]
- the treatment of pediatric patients one year of age and older with low-grade glioma (LGG) with a BRAF V600E mutation who require systemic therapy.[L45558]

In the US, BRAF V600E or V600K mutations must be detected by an FDA-approved test. Trametinib is not indicated for the treatment of patients with colorectal cancer because of known intrinsic resistance to BRAF inhibition.[L45558]"
Dabrafenib,"As monotherapy, dabrafenib is indicated to treat unresectable or metastatic melanoma with BRAF V600E mutation as detected by an FDA-approved test.[L41955] 

In combination with [trametinib], dabrafenib is indicated to treat for:

- the treatment of unresectable or metastatic melanoma with BRAF V600E or V600K mutations as detected by an FDA-approved test.[L41955]
- the adjuvant treatment of melanoma with BRAF V600E or V600K mutations and involvement of lymph node(s), following complete resection.[L41955]
- the treatment of metastatic non-small cell lung cancer (NSCLC) with BRAF V600E mutation.[L41955]
- the treatment of locally advanced or metastatic anaplastic thyroid cancer (ATC) with BRAF V600E mutation and with no satisfactory locoregional treatment options.[L41955]
- treatment of adult and pediatric patients six years and older with unresectable or metastatic solid tumours with BRAF V600E mutation who have progressed following prior treatment and have no satisfactory alternative treatment options. This indication is approved under accelerated approval based on the overall response rate and duration of response. Continued approval for this indication may be contingent upon verification and description of clinical benefit in a confirmatory trial(s).[L45548]
- the treatment of pediatric patients one year of age and older with low-grade glioma (LGG) with a BRAF V600E mutation who require systemic therapy.[L45548]

Dabrafenib has limitations of use: it is neither indicated for treating patients with colorectal cancer because of known intrinsic resistance to BRAF inhibition nor wild-type BRAF solid tumours.[L45548]"
Radium Ra 223 dichloride,Used in patients who have metastatic bone cancer that is symptomatic with no visceral metastases and patients who have prostate cancer that is castration resistant.
Afatinib,"Afatinib is a kinase inhibitor indicated as monotherapy [L2937] for the first-line [FDA Label] treatment of (a) Epidermal Growth Factor Receptor (EGFR) TKI (tyrosine kinase inhibitor)-naive adult patients with locally advanced or metastatic non-small cell lung cancer (NSCLC) whose tumours have non-resistant EGFR mutations as detected by an FDA-approved test [FDA Label], and (b) adult patients with locally advanced or metastatic NSCLC of squamous histology progressing on or after platinum-based chemotherapy [FDA Label, L2937].

Recently, as of January 2018, the US FDA approved a supplemental New Drug Application for Boehringer Ingelheim's Gilotrif (afatinib) for the first line treatment of patients with metastatic non-small cell lung cancer (NSCLC) whose tumors have non-resistant epidermal growth factor receptor (EGFR) mutations as detected by an FDA-approved test [L2939]. The new label includes data on three additional EGFR mutations: L861Q, G719X and S768I [L2939]."
Obinutuzumab,"Obinutuzumab, in combination with [chlorambucil], is indicated for the treatment of patients with previously untreated chronic lymphocytic leukemia.[L50617]

It is also used to treat follicular lymphoma, in combination with [bendamustine] followed by monotherapy, in patients who relapsed after or are refractory to, a [rituximab]-containing regimen.[L50617]

Obinutuzumab is also used in combination with chemotherapy followed by monotherapy to treat previously untreated stage II bulky, III or IV follicular lymphoma in adult patients achieving at least a partial remission.[L50617]"
Nivolumab,"Nivolumab is indicated to treat unresectable or metastatic melanoma, melanoma as adjuvant treatment, resectable or metastatic non-small cell lung cancer, small cell lung cancer, advanced renal cell carcinoma, classical Hodgkin lymphoma, squamous cell carcinoma of the head and neck, urothelial carcinoma, microsatellite instability-high or mismatch repair deficient metastatic colorectal cancer, hepatocellular carcinoma, and esophageal cancer.[L12129, L42970] The indication for classical Hodgkin lymphoma, microsatellite instability-high or mismatch repair deficient metastatic colorectal cancer, and hepatocellular carcinoma were approved under accelerated approval based on the overall response rate. Continued approval for this indication may be contingent upon verification and description of clinical benefit in confirmatory trials.[L12129]

Nivolumab is also approved for the treatment of HER2-negative advanced or metastatic gastric, gastroesophageal junction, or esophageal adenocarcinoma when used in combination with a fluoropyrimidine- and platinum-containing chemotherapy regimen.[L39040]

In combination with [relatlimab], nivolumab is indicated for the treatment of patients ≥12 years old with unresectable or metastatic melanoma.[L41265,L49996,L50001]

In combination with [cisplatin] and [gemcitabine], nivolumab is indicated as a first-line treatment in adult patients with unresectable or metastatic urothelial carcinoma.[L12129]"
Pembrolizumab,"Pembrolizumab is indicated for the following conditions:[L48641,L44868,L43488]

### Melanoma
- for the treatment of patients with unresectable or metastatic melanoma (adult patients in the US[L38934] and patients ≥12 years old in the EU)[L43488]
- for the adjuvant treatment of adult and pediatric patients 12 years of age and older with Stage IIB, IIC, or III melanoma following complete resection

### Non-Small Cell Lung Cancer (NSCLC)
- in combination with [pemetrexed] and platinum-based chemotherapy as a first-line treatment for patients with metastatic nonsquamous NSCLC with no EGFR or ALK mutations
- in combination with [carboplatin] and [paclitaxel] as a first-line treatment for patients with metastatic squamous NSCLC
- as a monotherapy for the first-line treatment of NSCLC expressing PD-L1 with no EGFR or ALK mutations in patients with metastatic disease or stage III disease who are not candidates for surgery or chemoradiation
- as a monotherapy for the treatment of NSCLC expressing PD-L1 with disease progression on or after platinum-based chemotherapy - this includes patients with EGFR or ALK mutations, providing they have experienced disease progression on prior FDA-approved therapy for these aberrations
- in combination with platinum-based chemotherapy for the treatment of patients with resectable (tumors ≥4 cm or node positive) NSCLC as neoadjuvant treatment, and then continued as monotherapy as adjuvant treatment after surgery

### Malignant Pleural Mesothelioma (MPM)
- in combination with pemetrexed and platinum-based chemotherapy as a first-line treatment in adult patients with unresectable advanced or metastatic MPM

### Head and Neck Squamous Cell Cancer (HNSCC)
- in combination with [fluorouracil] and platinum-based chemotherapy as a first-line treatment for patients with metastatic or recurrent, unresectable HNSCC
- as a monotherapy for the first-line treatment of patients with metastatic or recurrent, unresectable HNSCC expressing PD-L1
- as a monotherapy for the treatment of patients with metastatic or recurrent HNSCC with disease progression on or after platinum-based chemotherapy

### Classical Hodgkin Lymphoma (cHL)
- for the treatment of adult patients with relapsed or refractory cHL
- for the treatment of pediatric patients with refractory cHL, or cHL that has relapsed following ≥2 lines of therapy

### Primary Mediastinal Large B-cell Lymphoma (PMBCL)
- for the treatment of adult and pediatric patients with refractory PMBCL, or PMBCL that has relapsed following ≥2 lines of therapy

### Urothelial Carcinoma
- for the treatment of locally advanced or metastatic urothelial carcinoma in patients ineligible for platinum-based chemotherapy
- for the treatment of locally advanced or metastatic urothelial carcinoma in patients who have disease progression during or following platinum-based chemotherapy or within 12 months of adjuvant/neoadjuvant platinum-based chemotherapy
- for the treatment of [BCG vaccine]-unresponsive, high-risk, non-muscle invasive bladder cancer with carcinoma in situ, with or without papillary tumors, who are not candidates for cystectomy
- for the treatment of locally advanced or metastatic urothelial carcinoma in combination with enfortumab vedotin in adult patients ineligible for platinum-based chemotherapy under the accelerated approval from the FDA

### Microsatellite Instability-High (MSI-H) or Mismatch Repair Deficient Cancer (dMMR)
- as a last-line therapy for the treatment of adult and pediatric patients with unresectable or metastatic MSI-H or dMMR solid tumors that have progressed following prior treatment
- for the treatment of patients with unresectable or metastatic MSI-H or dMMR colorectal cancer

### Gastric Cancer
- in combination with [trastuzumab], fluoropyrimidine-, and platinum-containing chemotherapy, as a first-line treatment for patients with locally advanced unresectable or metastatic HER2-positive gastric or gastroesophageal junction (GEJ) adenocarcinoma whose tumors express PD -L1 (CPS ≥1) as determined by an FDA-approved test
- in combination with fluoropyrimidine - and platinum-containing chemotherapy for the first-line treatment of adults with locally advanced unresectable or metastatic HER2-negative gastric or gastroesophageal junction (GEJ) adenocarcinoma

### Esophageal Cancer
- in combination with fluoropyrimidine- and platinum-based chemotherapy for the treatment of patients with locally advanced or metastatic esophageal or GEJ carcinoma who are not candidates for surgery or definitive chemoradiation
- as a monotherapy for the treatment of locally advanced or metastatic esophageal or GEJ carcinoma expressing PD-L1 in patients who are not candidates for surgery or definitive chemoradiation

### Cervical Cancer
- in combination with other chemotherapies, with or without [bevacizumab], for the treatment of persistent, recurrent, or metastatic cervical cancer expressing PD-L1
- as a monotherapy for the treatment of recurrent or metastatic cervical cancer expressing PD-L1 in patients who have experienced disease progression on or after previous chemotherapy
- in combination with chemoradiotherapy for the treatment of patients with FIGO 2014 Stage III -IVA cervical cancer

### Hepatocellular Carcinoma (HCC)
- as a monotherapy for the treatment of HCC in patients who have been previously treated with [sorafenib]

### Biliary Tract Cancer (BTC)
- in combination with [gemcitabine] and [cisplatin] for the treatment of patients with locally advanced unresectable or metastatic biliary tract cancer

### Merkel Cell Carcinoma (MCC)
- for the treatment of adult and pediatric patients with recurrent locally advanced or metastatic MCC

### Renal Cell Carcinoma (RCC)
- in combination with either [axitinib] or [lenvatinib] as a first-line treatment for adult patients with advanced RCC
- for the adjuvant treatment of patients with RCC who are at an intermediate-high or high risk of recurrence following nephrectomy, or following nephrectomy and resection of metastatic lesions

### Endometrial Carcinoma
- in combination with carboplatin and paclitaxel, followed by pembrolizumab as a single agent, for the t reatment of adult patients with primary advanced or recurrent endometrial carcinoma
- in combination with lenvatinib for the treatment of patients with advanced endometrial carcinoma that is not MSI-H or dMMR who experience disease progression following prior systemic therapy and who are not candidates for surgery or radiation therapy
- as a monotherapy for the treatment of patients with advanced endometrial carcinoma that is MSI-H or dMMR who have disease progression following prior systemic therapy and are not candidates for curative surgery or radiation

### Tumor Mutational Burden-High (TMB-H) Cancer
- as a last-line therapy for the treatment of adult and pediatric patients with unresectable or metastatic TMB-H solid tumors that have progressed following prior treatment

### Cutaneous Squamous Cell Carcinoma (cSCC)
- for the treatment of patients with recurrent or metastatic sCC, or locally advanced sCC that is not curable with surgery or radiation therapy

### Triple-Negative Breast Cancer (TNBC)
- for the treatment of patients with high-risk early-stage TNBC, in combination with chemotherapy as a neoadjuvant treatment followed by continued use as a single adjuvant agent following surgery
- in combination with chemotherapy for the treatment of locally recurrent unresectable or metastatic TNBC expressing PD-L1

For all approved adult indications, pembrolizumab may be used for an additional 6 weeks at 400mg weekly.[L38934]"
Netupitant,Netupitant is an antiemitic drug approved by the FDA in October 2014 for use in combination with palonosetron for the prevention of acute and delayed vomiting and nausea associated with cancer chemotherapy including highly emetogenic chemotherapy.
Naloxegol,Indicated for the treatment of opioid-induced constipation (OIC) in adult patients with chronic non-cancer pain.
Blinatumomab,"Blinatumomab is indicated for the treatment of adults and children with relapsed or refractory CD19-positive B-cell precursor acute lymphoblastic leukemia (ALL). It is also indicated in adults and children for the treatment of CD19-positive B-cell precursor ALL in first or second complete remission with minimal residual disease (MRD) greater than or equal to 0.1%.[L46991] When used in the consolidation phase of a multi-phase chemotherapy regimen, blinatumomab is also indicated for the treatment of CD19-positive Philadelphia chromosome-negative B-cell precursor acute lymphoblastic leukemia (ALL).[L51088]"
Cannabidiol,"When used in combination with delta-9-tetrahydrocannabinol as the product Sativex, cannabidiol was given a standard marketing authorization (ie. a Notice of Compliance (NOC)) by Health Canada for the following indications: 
1) as adjunctive treatment for symptomatic relief of spasticity in adult patients with multiple sclerosis (MS) who have not responded adequately to other therapy and who demonstrate meaningful improvement during an initial trial of therapy [L886];

Due to the need for confirmatory studies to verify the clinical benefit coupled with the promising nature of the clinical evidence, Sativex was also given a Notice of Compliance with Conditions (NOC/c) by Health Canada for the following indications: 
1) as adjunctive treatment for the symptomatic relief of neuropathic pain in adult patients with multiple sclerosis; 
2) as adjunctive analgesic treatment in adult patients with advanced cancer who experience moderate to severe pain during the highest tolerated dose of strong opioid therapy for persistent background pain [L886]."
Ceritinib,Ceritinib is a kinase inhibitor indicated for the treatment of patients with anaplastic lymphoma kinase (ALK)-positive metastatic non-small cell lung cancer (NSCLC) who have progressed on or are intolerant to crizotinib. This indication is approved under accelerated approval based on tumor response rate and duration of response. An improvement in survival or disease-related symptoms has not been established. Continued approval for this indication may be contingent upon verification and description of clinical benefit in confirmatory trials.
Palbociclib,"Palbociclib is indicated in combination with [letrozole] as initial endocrine-based therapy for the treatment of human epidermal growth factor receptor type 2 (HER2)-negative and hormone receptor(HR)-positive tumors in adult patients with advanced/metastatic breast cancer. It is as well approved in combination with [fulvestrant] in patients with disease progression with prior endocrine therapy.[A176783]

In the official labeling, the use of palbociclib should be accompanied with either an aromatase inhibition, no restricted to letrozole, as initial endocrine-based therapy in postmenopausal women or in man.[L48076]

The breast cancer starts as a group of cancer cells that grow into and destroy the nearby breast tissue. This growth can spread into other parts of the body which is called metastasis. According to the location of the cancer cells, it can be categorized in ductal carcinoma and lobular carcinoma. However, other types of breast cancer include inflammatory breast cancer, Paget disease of the breast, triple negative breast cancer non-Hodgkin lymphoma and soft tissue sarcoma.[L5870] In males, breast cancer is usually treated as the cases of postmenopausal women and almost all the cases are ductal carcinoma.[L5873]"
Olaparib,"**Ovarian cancer**

Olaparib is indicated for the maintenance treatment of adults with deleterious or suspected deleterious germline or somatic BRCA-mutated advanced epithelial ovarian, fallopian tube or primary peritoneal cancer who are in complete or partial response to first-line platinum-based chemotherapy.[L41100, L42695]

Olaparib is indicated in combination with [bevacizumab] for the maintenance treatment of adults with advanced epithelial ovarian, fallopian tube or primary peritoneal cancer who are in complete or partial response to first-line platinum-based chemotherapy and whose cancer is associated with homologous recombination deficiency (HRD)-positive status defined by either: a deleterious or suspected deleterious BRCA mutation, and/or genomic instability.[L41100, L42695]

Olaparib is indicated for the maintenance treatment of adult patients with recurrent epithelial ovarian, fallopian tube or primary peritoneal cancer, who are in complete or partial response to platinum-based chemotherapy.[L41100, L42695]

**Breast cancer**

Olaparib is indicated for the adjuvant treatment of adult patients with deleterious or suspected deleterious g_BRCA_m human epidermal growth factor receptor 2 (HER2)-negative high risk early breast cancer who have been treated with neoadjuvant or adjuvant chemotherapy.[L41100, L42695, L42820]

Olaparib is indicated for the treatment of adult patients with deleterious or suspected deleterious g_BRCA_m, HER2-negative metastatic breast cancer, who have been treated with chemotherapy in the neoadjuvant, adjuvant, or metastatic setting. Patients with hormone receptor (HR) positive breast cancer should have been treated with a prior endocrine therapy or be considered inappropriate for endocrine therapy.[L41100, L42695]

**Pancreatic cancer**

Olaparib is indicated for the maintenance treatment of adult patients with deleterious or suspected deleterious gBRCAm metastatic pancreatic adenocarcinoma whose disease has not progressed on at least 16 weeks of a first-line platinum-based chemotherapy regimen.[L41100, L42695]

**Prostate cancer**

Olaparib is indicated for the treatment of adult patients with deleterious or suspected deleterious germline or somatic homologous recombination repair (HRR) gene-mutated metastatic castration-resistant prostate cancer (mCRPC) who have progressed following prior treatment with a hormone agent,[L42695] such as [enzalutamide] or [abiraterone].[L41100]

It is also indicated in combination with [abiraterone] and [prednisone] or [prednisolone] for the treatment of adult patients with deleterious or suspected deleterious BRCA-mutated (BRCAm) metastatic castration-resistant prostate cancer (mCRPC).[L46971]"
Lenvatinib,"Lenvatinib is indicated for the treatment of the following cancerous conditions:[L41120]

**Differentiated Thyroid Cancer (DTC)**

- Treatment of locally recurrent or metastatic, progressive, radioactive iodine-refractory differentiated thyroid cancer

**Renal Cell Carcinoma (RCC)**

- First-line treatment, in combination with [pembrolizumab], in adult patients with advanced renal cell carcinoma (RCC) 
- Treatment of advanced renal cell carcinoma, in combination with [everolimus], in adult patients who have previously tried ≥1 anti-angiogenic therapy

**Hepatocellular Carcinoma (HCC)**

- First-line treatment of patients with unresectable hepatocellular carcinoma

**Endometrial Carcinoma**

- Treatment of advanced endometrial carcinoma that is not microsatellite instability-high (MSI-H) or mismatch repair deficient (dMMR), in combination with [pembrolizumab], in patients who have experienced disease progression following prior systemic therapy and are not candidates for curative surgery or radiation"
Nintedanib,"Nintedanib is indicated for the treatment of idiopathic pulmonary fibrosis (IPF)[L8453] and to slow declining pulmonary function in patients with systemic sclerosis-associated interstitial lung disease.[L8462] It is also indicated for the treatment of chronic fibrosing interstitial lung diseases with a progressive phenotype.[L8462] 

In the EU, under the brand name Vargatef, nintedanib is indicated in combination with docetaxel for the treatment of adult patients with metastatic, locally advanced, or locally recurrent non-small cell lung cancer of adenocarcinoma histology who have already tried first-line therapy.[L8459]"
Ancestim,"Ancestim, in combination with filgrastim, is indicated for the setting of autologous peripheral blood progenitor cell transplantation in patients at risk of poor peripheral blood progenitor cell mobilisation.[L1090] The use of ancestim with filgrastim will generate a sustained increase in the number of peripheral blood progenitor cells capable of engraftment. It is used for mobilization of progenitor cells from the bone marrow to the peripheral blood with or withouth mobilizing chemotherapy. The harvested progenitor cells can be used for transplant following myelosuppressive or myeloablative therapies.[L1089]"
Technetium Tc-99m oxidronate,"Technetium Tc-99m oxidronate is indicated in adult and pediatric patients to be used in skeletal imaging for diagnosis of areas that can present altered osteogenesis. When administered intravenously, it is able to generate a clear image of the bones which allows the physician to diagnose any bone problem.[L1141] It is important to point out that this drug has to be manipulated only under the service of a nuclear specialist.[L1140] The approved indications for a bone scan are 1) visualization of tumor metastasis in bone, 2) osteomyelitis, 3) fracture, 4) stress fracture, 5) avascular necrosis, 6) osteoporosis and 7) prosthetic joint evaluation. From all the major indications, the detection of a metastatic disease is the most common because it presents a 95% of sensitivity and lesion detection can be done 6 months earlier than with X-ray studies.[L1139]"
Sonidegib,Sonidegib is approved for use in the US and EU for treatment of adults with locally advanced basal cell carcinoma (BCC) that has recurred post surgery or radiation therapy.  It is also approved for adult patients with BCC who are not eligible for surgery or radiation therapy. (2)
Tegafur,"Indicated for the treatment of cancer usually in combination with other biochemically modulating drugs.

Indicated in adults for the treatment of advanced gastric cancer when given in combination with [DB00515] [L933]. 

Indicated for the first-line treatment of metastatic colorectal cancer with [DB03419] and calcium folinate [L934]."
Gimeracil,"Gimeracil is used as an adjunct to antineoplastic therapy. When used within the product Teysuno, gimeracil is indicated for the treatment of adults with advanced gastric (stomach) cancer when given in combination with cisplatin."
Technetium Tc-99m tilmanocept,"Indicated with or without scintigraphic imaging for lymphatic mapping using a handheld gamma counter to locate lymph nodes draining a primary tumor site in patients with solid tumors for which this procedure is a component of intraoperative management [FDA Label].

Indicated with or without scintigraphic imaging for guiding sentinel lymph node biopsy using a handheld gamma counter in patients with clinically node negative squamous cell carcinoma of the oral cavity, breast cancer or melanoma [FDA Label]."
Choline C 11,"Choline C11 is indicated for its use in positron emission tomography (PET) imaging in patients with suspected prostate cancer recurrence and non-informative bone scintigraphy, computerized tomography or magnetic resonance imaging.[FDA label, A32037]"
Rolapitant,This drug is indicated in adults in combination with other antiemetics for the prevention of delayed nausea and vomiting associated with emetogenic chemotherapy.
Iodide I-131,Therapeutic solutions of Sodium Iodide-131 are indicated for the treatment of hyperthyroidism and thyroid carcinomas that take up iodine.  Palliative effects may be observed in patients with advanced thyroid malignancy if the metastatic lesions take up iodine.  It is also indicated for use in performance of the radioactive iodide (RAI) uptake test to evaluate thyroid function.
Tegafur-uracil,Tegafur-uracil is indicated for the first line treatment of metastatic colorectal cancer with concomitant administration of calcium folinate.[L934] Colorectal cancer is the third most diagnosed cancer and 30% of the cases can present the metastatic state.[A32077]
Osimertinib,"Osimertinib is indicated for the: 

- adjuvant treatment of non-small cell lung cancer (NSCLC) after tumour resection in adult patients whose tumours have epidermal growth factor receptor (EGFR) exon 19 deletions or exon 21 L858R mutations, as detected by an FDA-approved test.[L50492]
- first-line treatment of adult patients with metastatic NSCLC whose tumours have EGFR exon 19 deletions or exon 21 L858R mutations.[L50492]
- in combination with [pemetrexed] and platinum-based chemotherapy for the first-line treatment of adult patients with locally advanced or metastatic NSCLC whose tumours have EGFR exon 19 deletions or exon 21 L858R mutations, as detected by an FDA-approved test.[L50492]
- treatment of adult patients with metastatic EGFR T790M mutation-positive NSCLC, as detected by an FDA-approved test, whose disease has progressed on or after EGFR tyrosine kinase inhibitor (TKI) therapy.[L50492]"
Technetium Tc-99m nofetumomab merpentan,"Tc-99m nm is one of the technetium-labeled antibodies and it is indicated for the detection of small-cell lung cancer.[L1146] The small cell lung cancer is a syndrome characterized by the abnormal and uncontrolled cell growth and it is characterized by a shorter doubling time, higher growth fraction and earlier development of metastases.[L1651]"
Tipiracil,"Tipiracil is also available as a combination product with [Trifluridine], which is indicated either alone or in combination with [bevacizumab] for the treatment of adult patients with metastatic colorectal cancer who have been previously treated with fluoropyrimidine-, oxaliplatin- and irinotecan-based chemotherapy, an anti-VEGF biological therapy, and if RAS wild-type, an anti-EGFR therapy.[L47676] This combination product is also used for adult patients with metastatic gastric or gastroesophageal junction adenocarcinoma and were previously treated with at least two prior lines of chemotherapy that included a fluoropyrimidine, a platinum, either a taxane or irinotecan and if appropriate, HER2/neu-targeted therapy.[L47676]"
Esterified estrogens,"Esterified estrogens are indicated to replace estrogen in women with ovarian failure or other conditions that cause a lack of natural estrogen in the body.
It is also indicated for the treatment of symptoms of breast cancer in both men and women. In men it can be used for the treatment of advanced prostate cancer.
It is also indicated for the treatment of menopausal symptoms."
Technetium Tc-99m sulfur colloid,"Technetium 99m sulfur colloid is indicated as a diagnostic agent in adults for the following tests: localization of lymph nodes draining a primary tumor in patients with breast cancer or malignant melanoma; and evaluation of peritoneo-venous (LeVeen) shunt patency. It is indicated in both adult and pediatric patients for: imaging areas of functioning reticuloendothelial cells in the liver, spleen and bone marrow; and studies of esophageal transit and gastroesophageal reflux, and detection of pulmonary aspiration of gastric contents."
Thiosulfuric acid,"Thiosulfuric acid (as sodium thiosulfate) is indicated for sequential intravenous use with sodium nitrite for the treatment of acute cyanide poisoning that is judged to be life-threatening.[L43332] Sodium thiosulfate is also indicated to reduce the risk of ototoxicity associated with cisplatin in pediatric patients 1 month of age and older with localized, non-metastatic solid tumors in the US.[L43337] In Europe, it is indicated for the same prevention of ototoxicity for patients 1 month of age to < 18 years old.[L46831]"
Fludeoxyglucose (18F),"The uptake of 18F-FDG by tissues is a marker for the tissue uptake of glucose, which in turn is closely correlated with certain types of tissue metabolism.
Fludeoxyglucose F 18 Injection is indicated in positron emission tomography (PET) imaging for assessment of abnormal glucose metabolism to assist in the evaluation of malignancy in patients with known or suspected abnormalities found by other testing modalities, or in patients with an existing diagnoses of cancer."
Necitumumab,Necitumumab is approved for use in combination with cisplatin and gemcitabine as a first-line treatment for metastatic squamous non-small cell lung cancer (NSCLC). It is not indicated for treatment of non-squamous NSCLC.
Choline C-11,"Choline C 11 Injection is indicated for  positron emission tomography (PET) imaging of patients with suspected prostate cancer recurrence and non-informative bone scintigraphy, computerized tomography (CT)    or magnetic resonance imaging (MRI).  In these patients, 11 C-choline PET  imaging may  help identify potential sites of prostate cancer recurrence for subsequent histologic confirmation. Suspected prostate recurrence is based upon elevated blood prostate specific antigen (PSA) levels following initial therapy.  In clinical studies, imag   es w  ere produced with PET/CT coregistration."
Bacillus calmette-guerin substrain connaught live antigen,Indicated for intravesical use in the treatment and prophylaxis of carcinoma in situ (CIS) of the urinary bladder and for the prophylaxis of primary or recurrent stage Ta and/or T1 papillary tumors following transurethral resection (TUR).
Octisalate,"Ingredient in sunscreens for protection against damage effects of sun light, provides protection from sunburns, aging and skin cancer."
Homosalate,"As ingredient in many sunscreen for protection against sunburn, skin aging and skin cancer."
Sulisobenzone,"Sunscreening agents are used to prevent sunburn, actinic keratosis, and premature skin aging and to reduce the incidence of skin cancer [L2664]."
Tocopherol,"Tocopherol can be used as a dietary supplement for patients with a deficit of vitamin E; this is mainly prescribed in the alpha form.[A32443] Vitamin E deficiency is rare, and it is primarily found in premature babies of very low birth weight, patients with fat malabsorption or patients with abetalipoproteinemia.[L2120]

Tocopherol, due to its antioxidant properties, is studied for its use in prevention or treatment in different complex diseases such as cancer,[A32436] atherosclerosis, cardiovascular diseases,[A32442] and age-related macular degeneration.[A32444]"
Hexylresorcinol,"Hexylresorcinol is predominantly employed as the active ingredient in lotions, sprays, or lozenges indicated as a (a) topical antiseptic to help prevent skin infection in minor cuts, scrapes, or burns, or (b) as an antiseptic and local anesthetic for the relief of a sore throat and its associated pain [L2734, L2735].

In addition, hexylresorcinol is used as an active ingredient in various commercial cosmetic skincare products as an anti-aging cream [L2736] while other studies have looked into whether or not the compound could be used effectively as an anti-inflammatory agent or even as an anti-cancer therapy [L2736]."
Alectinib,Alectinib is indicated for the treatment of adult patients with anaplastic lymphoma kinase (ALK)-positive metastatic non-small cell lung cancer (NSCLC).[L51008] It is also indicated as an adjuvant treatment in adult patients following tumor resection of ALK-positive non-small cell lung cancer.[L51008]
Roquinimex,"Roquinimex is investigated to be used as a treatment of a number of cancers and autoimmune conditions. 

As well, roquinimex is researched to be used as adjuvant therapy after bone marrow transplantation in cases of acute leukemia."
Venetoclax,"Venetoclax is indicated for the treatment of adult patients with chronic lymphocytic leukemia (CLL) or small lymphocytic lymphoma (SLL). It is also used in combination with azacitidine, or decitabine, or low-dose cytarabine for the treatment of newly diagnosed acute myeloid leukemia (AML) in adults 75 years or older, or who have comorbidities that preclude use of intensive induction chemotherapy.[L39880]"
Atezolizumab,"Atezolizumab has approved indications for the following conditions:[L44336]

**Non-Small Cell Lung Cancer (NSCLC)**

- as adjuvant treatment following resection and platinum-based chemotherapy for adult patients with Stage II to IIIA NSCLC whose tumours have PD-L1 expression on ≥ 1% of tumour cells, as determined by an FDA-approved test.
- for the first-line treatment of adult patients with metastatic NSCLC whose tumours have high PD-L1 expression (PD-L1 stained ≥ 50% of tumour cells [TC ≥ 50%] or PD-L1 stained tumour-infiltrating immune cells [IC] covering ≥ 10% of the tumour area [IC ≥ 10%]), as determined by an FDAapproved test, with no EGFR or ALK genomic tumour aberrations.
- in combination with [bevacizumab], [paclitaxel], and [carboplatin], for the first-line treatment of adult patients with metastatic non-squamous NSCLC with no EGFR or ALK genomic tumour aberrations.
- in combination with paclitaxel protein-bound and carboplatin for the firstline treatment of adult patients with metastatic non-squamous NSCLC with no EGFR or ALK genomic tumor aberrations.
- for the treatment of adult patients with metastatic NSCLC who have disease progression during or following platinum-containing chemotherapy. Patients with EGFR or ALK genomic tumour aberrations should have disease progression on FDA-approved therapy for NSCLC harbouring these aberrations prior to receiving atezolizumab.

**Small Cell Lung Cancer (SCLC)**

- in combination with carboplatin and [etoposide], for the first-line treatment of adult patients with extensive-stage small cell lung cancer (ES-SCLC).

**Hepatocellular Carcinoma (HCC)**

- in combination with bevacizumab for the treatment of patients with unresectable or metastatic HCC who have not received prior systemic therapy.

**Melanoma**

- in combination with [cobimetinib] and [vemurafenib] for the treatment of patients with BRAF V600 mutation-positive unresectable or metastatic melanoma.

**Alveolar Soft Part Sarcoma (ASPS)**

- for the treatment of adult and pediatric patients 2 years of age and older with unresectable or metastatic ASPS."
Levoleucovorin,"Levoleucovorin is indicated for use as rescue therapy following high-dose methotrexate in the treatment of osteosarcoma or for diminishing the toxicity associated with inadvertent overdosage of folic acid antagonists. Levoleucovorin, as the product Fusilev (FDA, dosed at one-half the usual dose of racemic d,l-leucovorin), has an additional indication for use in combination chemotherapy with 5-fluorouracil in the palliative treatment of patients with advanced metastatic colorectal cancer (although they should not be mixed in the same infusion as a precipitate may form)."
Myrrh,"FDA approved only for use in food. Historically used for indigestion, ulcers, colds, cough, asthma, bronchial congestion, arthritic pain, cancer, leprosy, and syphilis. It is also used orally as a stimulant, antispasmodic, and to increase menstrual flow. Topically, myrrh is used for mild inflammation of the oral and pharyngeal mucosa, aphthous ulcers, gingivitis, chapped lips, hemorrhoids, bedsores, wounds, abrasions, furunculosis, bad breath, and loose teeth. In foods and beverages, myrrh is used as a flavoring component. In manufacturing, myrrh is used as a fragrance and fixative in cosmetics. It is also used in embalming and as incense."
Tasonermin,"For use in adults as an adjunct to surgery for subsequent removal of the tumour so as to prevent or delay amputation, or in palliative care, for irresectable soft tissue sarcoma of the limbs [FDA Label]. Used in combination with melphalan via mild hyperthermic isolated limb perfusion."
Hepatitis B Vaccine (Recombinant),"Active immunization against hepatitis B virus infection.

The vaccine will not protect against infection caused by hepatitis A and non-A non-B hepatitis viruses. As hepatitis D (caused by the delta agent) does not occur in the absence of hepatitis B infection or carrier state, it can be expected that hepatitis D will also be prevented by vaccination with hepatitis B virus vaccine.

The vaccine can be administered at any age from birth onwards. It may be used to start a primary course of vaccination or as a booster dose. It may also be used to complete a primary course of vaccination started with plasma-derived or yeast-derived vaccines or as a booster dose in subjects who have previously received a primary course of vaccination with plasma-derived or yeast-derived vaccines.

In areas of low prevalence of hepatitis B, vaccination is strongly recommended in subjects who are at increased risk of infection. These include the following groups:

* Health professionals: physicians and surgeons; oral surgeons and dentists; nurses, dental nurses, dental hygienists, podiatrists; IV teams and operating room personnel; paramedical personnel in close contact with patients; staff in hemodialysis, nephrology, hepatology, hematology and oncology units; laboratory personnel handling blood and other clinical specimens; blood bank and plasma fractionation workers; pathologists and morgue attendants; cleaning staff who handle waste in hospitals; emergency and first aid workers; ambulance staff; dental, medical and nursing students.
* Patients: patients receiving frequent blood transfusion or clotting factor concentrates, such as those in oncology units and those with thalassemia, sickle-cell anemia, cirrhosis, hemophilia, etc.; patients on hemodialysis; patients with type 2 diabetes.
* Personnel and residents of institutions: persons with frequent and/or close contacts with high-risk groups; prisoners and prison staff; residents and staff of institutions for the developmentally challenged (those who are in contact with aggressive biting residents being at highest risk).
* Persons at increased risk due to their sexual practices: males having sexual contact with other males; others with multiple sexual partners or with a recent history of sexually transmitted disease.
* Persons who use injectable drugs illicitly.
* Travellers to areas of high endemicity and their close contacts.
* Household contacts of any of the above groups and of patients with acute or chronic hepatitis B infection.
* Infants born of HBsAg-positive mothers.
* Chronic Liver Disease (CLD): subjects with chronic liver disease; subjects at risk of developing CLD (e.g. Hepatitis C virus carriers, persons who abuse alcohol).
* Others: police; fire fighters; armed forces personnel; morticians and embalmers; those who through their work or personal lifestyle may be exposed to the hepatitis B virus.
* In areas of both low and high prevalence, vaccination should be offered to all young children and neonates at risk, as well as to adult high risk groups."
Temoporfin,"For use in the treatment of patients with advanced squamous cell carcinoma of the head and neck failing standard therapies and who are unsuitable for radiotherapy, surgery, or systemic chemotherapy [FDA Label]."
Vinflunine,For use as a monotherapy in adults with advanced or transitional cell carcinoma of the urothelial tract after failure of a prior platinum-containing therapy [L2381].
Tucatinib,"Tucatinib is indicated with [trastuzumab] and [capecitabine] for the treatment of adults diagnosed with advanced unresectable or metastatic HER2-positive breast cancer. This includes patients with brain metastases and those who have received one or more prior anti-HER2-based regimens in the metastatic setting.[L12945] 

It is also indicated in combination with trastuzumab for the treatment of adult patients with RAS wild-type HER2-positive unresectable or metastatic colorectal cancer that has progressed following treatment with fluoropyrimidine-, oxaliplatin-, and irinotecan-based chemotherapy. This indication is approved under accelerated approval; thus, it is contingent upon verification and description of clinical benefit in confirmatory trials.[L44732]"
Fruquintinib,"Fruquintinib is indicated for the treatment of adult patients with metastatic colorectal cancer (mCRC) who have been previously treated with fluoropyrimidine-, oxaliplatin-, and irinotecan-based chemotherapy, an anti-VEGF therapy, and, if RAS wild-type and medically appropriate, an anti-EGFR therapy.[L48751]"
Durvalumab,"Durvalumab is indicated for the treatment of adults with the following conditions:

**Non-small cell lung cancer (NSCLC)**

- unresectable Stage III NSCLC whose disease has not progressed following concurrent platinum-based chemotherapy and radiation therapy.[L44121]
- metastatic NSCLC with no sensitizing epidermal growth factor receptor (EGFR) mutations or anaplastic lymphoma kinase (ALK) genomic tumour aberrations, in combination with [tremelimumab] and platinum-based chemotherapy.[L44121, L46188]
- in combination with platinum-containing chemotherapy as neoadjuvant treatment, followed by durvalumab continued as a single agent as adjuvant treatment after surgery, is indicated for the treatment of adult patients with resectable (tumours ≥ 4 cm and/or node-positive) NSCLC and no known epidermal growth factor receptor (EGFR) mutations or anaplastic lymphoma kinase (ALK) rearrangements.[L51209]

**Small cell lung cancer (SCLC)**

- extensive-stage SCLC in combination with [etoposide] and either [carboplatin] or [cisplatin] as first-line therapy.[L12624]
-  limited-stage SCLC in adults whose disease has not progressed following concurrent platinum-based chemotherapy and radiation therapy.[L51928]

**Biliary tract cancer**

- locally advanced or metastatic biliary tract cancer (BTC) in combination with [gemcitabine] and cisplatin.[L43055]

**Hepatocellular carcinoma**

- unresectable hepatocellular carcinoma (uHCC) alone or in combination with [tremelimumab].[L12627, L43647, L46188]

**Endometrial cancer**

-  in combination with carboplatin and paclitaxel is indicated for the first-line treatment of adults with primary advanced or recurrent endometrial cancer who are candidates for systemic therapy. This is followed by maintenance treatment with either durvalumab as monotherapy or in combination with [olaparib] in endometrial cancer that is mismatch repair deficient (dMMR).[L12627]"
Encorafenib,Encorafenib is indicated in combination with [binimetinib] for the treatment of adult patients with unresectable or metastatic melanoma with a BRAF V600E or V600K mutation and metastatic non-small cell lung cancer (NSCLC) with a BRAF V600E mutation. It is also indicated in combination with [cetuximab] for the treatment of adult patients with metastatic colorectal cancer with a BRAF V600E mutation.[L48581]
Ribociclib,"Ribociclib is indicated in combination with an aromatase inhibitor (e.g. [letrozole]) for the adjuvant treatment of adults with hormone receptor (HR)-positive, human epidermal growth factor receptor 2 (HER2)-negative stage II and III early breast cancer at high risk of recurrence.[L51529] It is also indicated, in combination with an aromatase inhibitor or [fulvestrant], in adults with HR-positive, HER2-negative advanced or metastatic breast cancer.[L51529]"
Galactose,"There are limited therapeutic uses for which galactose is formally indicated. Some predominant indications include (a) the use of galactose to facilitate the construction of structurally and immunologically effective attenuated vaccines [T188, L2633], and (b) the role galactose plays as an essential element in the formation of lactulose - a synthetic disaccharide indicated for the treatment of constipation and/or hepatic encephalopathy (HE); hepatic coma [L2632].

Nevertheless, there are many studies looking into a variety of possible uses for galactose, including the use of the monosaccharide sugar for accelerating senescence in mice, rats, and Drosophila [A32853, A32854], the proposed association between galactose in consumed milk and ovarian cancer [A32855, A32856], a possible role in the therapy of focal segmental glomerulosclerosis [A32858], among various others. Regardless, none of these proposed indications have yet been formally elucidated for practical use."
Icotinib,"Icotinib hydrochloride is a novel epidermal growth factor receptor (EGFR)–tyrosine kinase inhibitor, exhibits encouraging efficacy and tolerability in patients with advanced non-small-cell lung cancer (NSCLC) who failed previous chemotherapy."
Talazoparib,"Talazoparib is indicated for the treatment of adult patients with deleterious or suspected deleterious germline BRCA-mutated (gBRCAm) HER2-negative locally advanced or metastatic breast cancer. This indication is approved by the FDA, EMA, and Health Canada.[L47236, L47301, L47306]

Talazoparib is also indicated in combination with [enzalutamide] for the treatment of adult patients with HRR gene-mutated metastatic castration-resistant prostate cancer (mCRPC).[L47236, L47306]"
Tremelimumab,"Tremelimumab is indicated for the treatment of adult patients with unresectable hepatocellular carcinoma in combination with [durvalumab].[L43652, L46188] It is also indicated in combination with durvalumab and platinum-based chemotherapy for the treatment of adult patients with metastatic non-small cell lung cancer (NSCLC) with no sensitizing epidermal growth factor receptor (EGFR) mutation or anaplastic lymphoma kinase (ALK) genomic tumor aberrations.[L44126, L46188]"
Capmatinib,"In the US, capmatinib is indicated for the treatment of adult patients with metastatic non-small cell lung cancer (NSCLC) whose tumors have a mutation that leads to mesenchymal-epithelial transition (MET) exon 14 skipping as detected by an FDA-approved test.[L13347]

Capmatinib is approved to treat adults with locally advanced unresectable or metastatic non-small cell lung cancer (NSCLC) with MET exon 14 skipping alterations in Canada.[L42010]"
Niraparib,"Niraparib is indicated for the maintenance treatment of adult patients with advanced or recurrent epithelial ovarian, fallopian tube, or primary peritoneal cancer who are in complete or partial response to first-line platinum-based chemotherapy.[L43277, L43742, L43747]

In Canada and the US, niraparib is also available in a combination product with [abiraterone], which is indicated with [prednisone] for the treatment of adults with deleterious or suspected deleterious BRCA-mutated (BRCAm) metastatic castration-resistant prostate cancer (mCRPC).[L46896, L47755] In Canada, this combination product is also used with [prednisolone] and is reserved for patients who are asymptomatic or mildly symptomatic, and in whom chemotherapy is not clinically indicated.[L46896]"
Tivozanib,"Tivozanib is approved in the USA for the treatment of relapsed or refractory renal cell carcinoma in adult patients who have undergone two or more systemic therapies.[L32524] In the UK and other countries, it is indicated as first-line therapy of adults with advanced renal cell carcinoma (RCC) and VEGFR and mTOR pathway inhibitor-naïve patients after disease progression following one previous treatment with cytokine therapy for advanced disease.[L17180]"
Neratinib,"For use as an extended adjuvant treatment in adult patients with early stage HER2-overexpressed/amplified breast cancer, to follow adjuvant trastuzumab-based therapy [FDA Label]."
Relugolix,"Relugolix is indicated for the treatment of adult patients with advanced prostate cancer.[L27991,L42145] In a combination product with [estradiol] and [norethindrone], relugolix is indicated for the once-daily treatment for the management of heavy menstrual bleeding associated with uterine fibroids in premenopausal women.[L34289]"
Infigratinib,"Infigratinib is indicated for the treatment of previously treated, unresectable locally advanced or metastatic cholangiocarcinoma in adults with a fibroblast growth factor receptor 2 (FGFR2) fusion or another rearrangement as detected by an FDA-approved test.[L34299]"
Apalutamide,Apalutamide is indicated for the treatment of patients with metastatic castration-sensitive prostate cancer and non-metastatic castration-resistant prostate cancer.[L45538]
Avelumab,"Avelumab is indicated for the treatment of adults with metastatic Merkel cell carcinoma (MCC).[L48126, L48171] In the US, it is also used in patients 12 years and older.[L48121] 

It is also indicated as the maintenance treatment in patients with locally advanced or metastatic urothelial carcinoma (UC), which has not progressed with first-line platinum-containing chemotherapy.[L40373, L48126, L48171] In the US, avelumab is also indicated to treat locally advanced or metastatic UC with disease progression during or after platinum-containing chemotherapy or within 12 months of neoadjuvant or adjuvant treatment with platinum-containing chemotherapy.[L40373]

Avelumab is indicated, in combination with [axitinib], for the first-line treatment of advanced renal cell carcinoma (RCC).[L40373]"
Dacomitinib,"Dacomitinib is indicated as the first-line treatment of patients with metastatic non-small cell lung cancer (NSCLC) with epidermal growth factor receptor (EGFR) exon 19 deletion or exon 21 L858R substitution mutations as verified by an FDA-approved test.[L4812]

Lung cancer is the leading cause of cancer death and NSCLC accounts for 85% of lung cancer cases. From the cases of NSCLC, approximately 75% of the patients present a late diagnosis with metastatic and advanced disease which produces a survival rate of 5%. The presence of a mutation in EGFR accounts for more than the 60% of the NSCLC cases and the overexpression of EGFR is associated with frequent lymph node metastasis and poor chemosensitivity.[A40018, A19201]"
Binimetinib,"Binimetinib, in conjunction with encorafenib, is indicated for the treatment of unresectable or metastatic melanoma with BRAF V600E or V600K mutation and metastatic non-small cell lung cancer (NSCLC) with a BRAF V600E mutation.[L48606]"
Glasdegib,"Glasdegib, in combination with cytarabine, is indicated for the treatment of newly diagnosed acute myeloid leukemia in adult patients who are over 75 years old or that have co-morbidities that preclude intensive induction chemotherapy.[L5080]

Acute myeloid leukemia is characterized by abnormal production of myeloblasts, red cells, or platelets. It is considered a cancer of blood and bone marrow and it is the most common type of acute leukemia in adults.[L4832]"
Entrectinib,"Entrectinib is indicated for the treatment of metastatic ROS1-positive non-small cell lung cancer in adults.[L8081] Entrectinib is also indicated in adults and children over 12 years old for the treatment of NTRK gene fusion-positive solid tumors which have metastasized or for which surgical resection is likely to result in severe morbidity and for which has progressed on previous therapies or for which no comparable alternative therapies are available.

FoundationOne®Liquid CDx is the only FDA-approved test for the detection of ROS1 rearrangement(s) in NSCLC for selecting patients for treatment with entrectinib.[L44518]"
Abemaciclib,"* Indicated in combination with fulvestrant for the treatment of women with hormone receptor (HR)-positive, human epidermal growth factor receptor 2 (HER2)-negative advanced or metastatic breast cancer with disease progression following endocrine therapy. 

* Inidicated as monotherapy for the treatment of adult patients with HR-positive, HER2-negative advanced or metastatic breast cancer with disease progression following endocrine therapy and prior chemotherapy in the metastatic setting."
Nirogacestat,Nirogacestat is indicated for adult patients with progressing desmoid tumors who require systemic treatment.[L48857]
Alpelisib,"Alpelisib is indicated in combination with fulvestrant to treat postmenopausal women, and men, with advanced or metastatic breast cancer. This cancer must be hormone receptor (HR)-positive, human epidermal growth factor receptor 2 (HER2)-negative, and PIK3CA­ mutated. The cancer must be detected by an FDA-approved test following progression on or after an endocrine-based regimen.[L6652]

Alpelisib is also used to treat adult and pediatric patients two years of age and older with severe manifestations of PIK3CA-Related Overgrowth Spectrum (PROS) who require systemic therapy. This indication is approved under accelerated approval based on response rate and duration of response. Continued approval for this indication may be contingent upon verification and description of clinical benefit in a confirmatory trial(s).[L41384]"
Lorlatinib,"Lorlatinib is indicated for the treatment of adult patients with ALK-positive metastatic non-small cell lung cancer (NSCLC).[L39905] In the EU, it is indicated for the treatment of adult patients with ALK-positive advanced NSCLC not previously treated with an ALK inhibitor, or whose disease has progressed after using either [alectinib] or [ceritinib], or [crizotinib] and at least one other ALK inhibitor.[L13580]"
Gilteritinib,"Gilteritinib is indicated for the treatment of adult patients who have relapsed or refractory acute myeloid leukemia with an FLT3 mutation detected by an FDA-approved test. This indication was expanded for a companion diagnostic to include use with gilteritinib such as the LeukoStrat CDx FLT3 Mutation Assay.[L4830]

Acute myeloid leukemia is cancer that impacts the blood and bone marrow with a rapid progression. This condition produces low numbers of normal blood cells and the requirement of continuous need for transfusions.[L4832]"
Erdafitinib,"Erdafitinib is a pan-fibroblast growth factor receptor (FGFR) tyrosine kinase inhibitor that is indicated for the treatment of adult patients with locally advanced or metastatic urothelial carcinoma that has susceptible FGFR3 or FGFR2 genetic alterations and has progressed during or following at least one line of prior platinum-containing chemotherapy including within 12 months of neoadjuvant or adjuvant platinum-containing chemotherapy.[A177109, A177112, A177115,L45648]

The selection of patients for the treatment of locally advanced or metastatic urothelial carcinoma with erdafitinib should be based on the presence of susceptible FGFR genetic alterations in tumor specimens as detected by an FDA-approved companion diagnostic like the FDA-approved therascreen FGFR RGQ RT-PCR Kit as developed by QIAGEN.[L45648]

This above indication is approved under accelerated approval by the FDA based on tumor response rate. Continued approval for this indication may be contingent upon verification and description of clinical benefit in confirmatory trials.[L45648]"
Capivasertib,"Capivasertib, in combination with fulvestrant, is indicated for the treatment of adult patients with hormone receptor (HR)-positive, human epidermal growth factor receptor 2 (HER2)-negative, locally advanced or metastatic breast cancer with one or more PIK3CA/AKT1/PTEN-alteration as detected by an FDA-approved test following progression on at least one endocrine-based regimen in the metastatic setting or recurrence on or within 12 months of completing adjuvant therapy.[L48691]"
Stem bromelain,"The primary medical purpose for which stem bromelain (SB) is currently indicated for is the removal of eschar in adults with deep partial- and full-thickness thermal burns [FDA Label].

Besides this official indication, however, it is also believed that SB may be used as a treatment for several other purposes as well, including cardiovascular health, osteoarthritis, autoimmunity, blood clotting, diarrhea, cancer, surgery, and debridement - although the specific mechanisms of action for these indications remain to be elucidated [A27198]."
Brigatinib,"The anaplastic lymphoma kinase positive, metastatic non-small cell lung cancer (ALK+ NSCLC), represents only 3-5% of the NSCLC cancer cases, but the ALK mutation, overexpression and presence in several oncogenic fusion proteins in solid and hematologic tumors have pointed out the importance as well as its potential as a cancer therapy target.[A31311] The ALK-related cases of NSCLC are associated with the presence of the fusion gene EML4-ALK which fused the ALK protein with the echinoderm microtubule-associated protein like-4 whose original function is the correct formation of microtubules.[A31313] The presence of the aberrant fusion protein results in abnormal signaling that provokes increased cell growth, proliferation and survival.[A31316] Crizotinib is indicated for the treatment of such cases but the presence of ALK kinase domain mutations confer resistance to the treatment. Thus, brigatinib is indicated for the treatment of patients with ALK+ NSCLC with intolerance to Crizotinib.[A31314]"
Radotinib,"Radotinib is indicated for the treatment of different types of cancer, most notably Philadelphia chromosome-positive (Ph+) chronic myeloid leukemia (CML) with resistance or intolerance of other Bcr-Abl tyrosine-kinase inhibitors, such as patients resistant or intolerant to imatinib."
Cantharidin,"Cantharidin is approved by the FDA for the topical treatment of molluscum contagiosum in adult and pediatric patients 2 years of age and older.[L47501] It has also been approved by Health Canada for the treatment of common warts (verruca vulgaris), periungual warts, and molluscum contagiosum as a standalone product and resistant and heavily keratinized plantar warts as a combination product with [salicylic acid] and [podophyllin].[L47511] 

At the same time, such topical cantharidin applications have also been used for a number of off-label indications like callus removal, cutaneous leishmaniasis, herpes zoster, and acquired perforating dermatosis.[A32892] Furthermore, since most topical cantharidin applications are most commonly available in a 0.7% formulation or a more potent 1% mixture, the 0.7% formulation is most commonly indicated for the treatment of common warts, periungual warts, and molluscum contagiosum while the more potent 1% mixture is typically limited only for use by healthcare professionals in a clinical setting for treating plantar warts and other more specialized off-label conditions.[A32891, A32892, F32]

Moreover, there have also been studies into whether or not cantharidin could be effective at being used as an inflammatory model or in cancer treatment - either of which has yet to elucidate any results formally.[A32892]"
Rucaparib,"Rucaparib is indicated for the maintenance treatment of adult patients with a deleterious BRCA mutation (germline and/or somatic)- associated recurrent epithelial ovarian, fallopian tube, or primary peritoneal cancer who are in a complete or partial response to platinum-based chemotherapy.[L44572]

Under accelerated approval by the FDA, rucaparib is also indicated for the treatment of adult patients with a deleterious BRCA mutation (germline and/or somatic)-associated metastatic castration-resistant prostate cancer (mCRPC) who have been treated with androgen receptor-directed therapy and a taxane-based chemotherapy.[L44572]"
Alvespimycin,"Investigated for use as an antineoplastic agent for solid tumors, advanced solid tumours or acute myeloid leukaemia."
Mirvetuximab soravtansine,"Mirvetuximab soravtansine is indicated for the treatment of adult patients with folate receptor alpha (FRα) positive, platinum-resistant epithelial ovarian, fallopian tube, or primary peritoneal cancer, who have received one to three prior systemic treatment regimens. Patients are selected for therapy based on an FDA-approved test.[L43967]"
Lurbinectedin,Lurbinectedin is indicated for the treatment of adult patients with metastatic small-cell lung cancer (SCLC) with disease progression on or after platinum-based chemotherapy.[L14327]
Moxetumomab pasudotox,"MxP is indicated for the treatment of adult patients with relapsed or refractory hairy cell leukemia (HCL) who received at least two prior systemic therapies including treatment with a purine nucleoside analog. The use of this drug is not recommended in patients with severe renal impairment (CrCl < 29 ml/min).[L4568]

HCL is an uncommon type of lymphocytic leukemia that starts in B cells or B lymphocytes. It is characterized by an accumulation of abnormal B lymphocytes. HCL is called ""hairy"" as it produces hair-like projections in the surface of the cancer cells. A usual symptom in people having HCL is the presence of splenomegaly and less often hepatomegaly.[A38877]"
Amuvatinib,"Amuvatinib is a selective multi-targeted tyrosine kinase inhibitor that suppresses c-MET, c-RET and the mutant forms of c-KIT, PDGFR and FLT3. Amuvatinib also suppresses Rad51 protein, a critical component of double-stranded DNA repair in cancer cells."
Quizartinib,"Quizartinib is indicated in combination with standard cytarabine and anthracycline induction and cytarabine consolidation, and as maintenance monotherapy following consolidation chemotherapy, for the treatment of adult patients with newly diagnosed acute myeloid leukemia (AML) that is FLT3 internal tandem duplication (ITD)-positive as detected by an FDA-approved test.[L47426]"
Tazemetostat,"Tazemetostat is indicated to treat adult and pediatric patients 16 years and older with metastatic or locally advanced epithelioid sarcoma that is not eligible for complete resection.[L11476] It is also indicated to treat adult patients with relapsed or refractory follicular lymphoma whose tumors are positive for an IZH2 mutation and who have received at least 2 prior systemic therapies.[L11476] Additionally, it is indicated in adult patients with relapsed or refractory follicular lymphoma who have no satisfactory alternative treatment options.[L11476]"
Sacituzumab govitecan,"Sacituzumab govitecan is indicated for adult patients with unresectable locally-advanced or metastatic triple-negative breast cancer (mTNBC) who have undergone two or more prior therapies for metastatic disease by the FDA, Health Canada, and EMA.[L45103,L47596,L47606] It is also indicated for the treatment of unresectable locally advanced or metastatic hormone receptor (HR)-positive, human epidermal growth factor receptor 2 (HER2)-negative breast cancer who have received endocrine-based therapy and at least two additional systemic therapies in the metastatic setting.[L45103,L47596,L47606] These indications are approved in the US, Canada, and Europe.

In the US, sacituzumab govitecan is additionally indicated for the treatment of locally advanced or metastatic urothelial cancer in adult patients who have received previous platinum-based therapy and either a programmed death receptor-1 (PD-1) or programmed death-ligand 1 (PD-L1) inhibitor. This indication has been approved under accelerated approval, and continued approval may be contingent on the demonstration of clinical benefit in confirmatory trials.[L13002]"
Darolutamide,Darolutamide is indicated for the treatment of adults with non-metastatic castration-resistant prostate cancer (nmCRPC) and metastatic hormone-sensitive prostate cancer (mHSPC) in combination with [docetaxel].[L42765]
Pexidartinib,Pexidartinib is indicated for the treatment of adult patients with symptomatic tenosynovial giant cell tumor (TGCT) associated with severe morbidity or functional limitations and not amenable to improvement with surgery.[L7883]
Enfortumab vedotin,"Enfortumab vedotin is indicated for the treatment of adult patients with locally advanced or metastatic urothelial cancer who have previously received a programmed death receptor-1 (PD-1) or programmed death-ligand 1 (PD-L1) inhibitor, and platinum-containing chemotherapy in the neoadjuvant/adjuvant, locally advanced, or metastatic setting.[L10836,L41995] Enfortumab vedotin can also be indicated in combination with pembrolizumab in adult patients with locally advanced or metastatic urothelial cancer who are not eligible for cisplatin-containing chemotherapy under accelerated approval from the FDA.[L45813]"
Lenograstim,"The drug is used to reduce the risk of life-threatening infection in patients with neutropenia, particularly after cytotoxic chemotherapy. 
Lenograstim is indicated as a treatment to reduce the duration of neutropenia and the severity of infections in patients with non-myeloid malignancy who have undergone autologous or allogeneic bone marrow transplantation, or treatment with established cytotoxic chemotherapy and in addition to reduce the incidence of infection associated with established cytotoxic chemotherapy.
Lenograstim is also indicated to mobilise peripheral blood progenitor cells (PBPCs) with Lenograstim alone, or after myelosuppressive chemotherapy, in order to accelerate haematopoietic recovery by infusion of such cells, after myelosuppressive or myeloablative therapy. Lenograstim  is also indicated to accelerate the engraftment of these cells after their reinfusion.

GRANOCYTE is also indicated for the treatment of severe chronic neutropenia including congenital agranulocytosis (Kostmann's syndrome)."
Nedaplatin,"Used in the treatment of non-small cell lung cancer, small cell lung cancer, oesophygeal cancer, and head and neck cancers [A20300]."
Fluciclovine (18F),Fluciclovine is indicated as a detection agent for positron emission tomography (PET) in men with suspected prostate cancer recurrence based on elevated blood prostate specific antigen (PSA) levels following prior treatment.[A31388] The overexpression of L-type amino acid transporters such as LAT1 and LAT3 that mediate the uptake of essential amino acids has been extensively reported as a tumoral mechanism of cell growth.[A31389]
Olmutinib,For use in treatment of metastatic T790M mutation positive non-small cell lung cancer [A19196].
Inositol,"Inositol may be used in food without any limitation. As a drug, inositol is used as a nutrient supplement in special dietary foods and infant formula.[L2561] As it presents a relevant role in ensuring oocyte fertility, inositol has been studied for its use in the management of polycystic ovaries.[A32751] Inositol is also being researched for the treatment of diabetes,[A32766] prevention of metabolic syndrome,[A32768] aid agent for weight loss,[A32769] treatment of depression, psychiatric disorder and anxiety disorder[A32770] and for prevention of cancer.[A32771]"
Lipegfilgrastim,Indicated for the reduction in the duration of neutropenia and the incidence of febrile neutropenia in adult patients treated with cytotoxic chemotherapy for malignancy (with the exception of chronic myeloid leukaemia and myelodysplastic syndromes) [L2441].
Mifamurtide,"Indicated in children, adolescents and young adults for the treatment of high-grade, resectable, non-metastatic osteosarcoma after macroscopically complete surgical resection, typically in combination with post-operative multi-agent chemotherapy [L1203]."
Glycyrrhizic acid,"Glycyrrhizic acid is widely applied in foods as a natural sweetener. As a therapeutic agent, is has been used in a vast variety of formulations as it is reported to be anti-inflammatory, anti-ulcer, anti-allergic, antioxidant, anti-tumor, anti-diabetic and hepatoprotective. Due to this properties, its indications have been: treatment of premenstrual syndrome, treatment of viral infections, anti-lipidemic and antihyperglycemic.[A33063] It is also known to be used as a remedy for peptic ulcer and other stomach diseases.[T205]"
Anethole trithione,"The most typical uses for which anethol trithione is currently indicated for includes increasing salivary secretion in patients experiencing dry mouth or being used as an adjunctive therapy for cholecystitis, gallstone, indigestion, and acute/chronic hepatitis [A32614, A32616, L2377].

In addition, although some studies have suggested that anethol trithione also possesses a certain capacity to inhibit tumorigenesis as a potential cancer therapy medication, the specific mechanism of action for this effect remains to be elucidated [A32619] with certain national cancer institutes listing the agent as 'a substance that is being studied in the treatment of cancer' [L2373]."
Dotatate gallium Ga-68,Dotatate gallium 68 is one of the most prominent radiopharmaceuticals used in imaging with positron emission tomography. It binds to the somatostatin-2 receptor which is usually overexpressed in many neuroendocrine tumors in both adult and pediatric patients.[A31362] The neuroendocrine tumors are bening or malignant tumors produced in the hormone producing cells of the neuroendocrine system.[L1048]
Testosterone cypionate,"Testosterone cypionate is used in males that present conditions derived from a deficiency or absence of endogenous testosterone. These conditions are 1) primary hypogonadism, defined as the testicular failure due to cryptorchidism, bilateral torsion, orchitis, vanishing testis syndrome or orchidectomy; and 2) hypogonadotropic hypogonadism characterized by idiopathic gonadotropin, LHRH deficiency or pituitary-hypothalamic injury from tumors, trauma or radiation.[L1153]"
Testosterone enanthate,"Testosterone enanthate in males is indicated as a replacement therapy in conditions associated with a deficiency or absence of endogenous testosterone. Some of the treated conditions are 1) primary hypogonadism, defined as testicular failure due to cryptorchidism, bilateral torsion, orchitis, vanishing testis syndrome or orchidectomy; 2) hypogonadotropic hypogonadism due to an idiopathic gonadotropin or luteinizing hormone-releasing hormone deficiency or due to a pituitary-hypothalamic injury from tumors, trauma or radiation, in this case it is important to accompany the treatment with adrenal cortical and thyroid hormone replacement therapy; 3) to stimulate puberty in patients with delayed puberty not secondary to a pathological disorder. If the conditions 1 and 2 occur prior to puberty, the androgen replacement therapy will be needed during adolescent years for the development of secondary sexual characteristics and prolonged androgen treatment might be needed it to maintain sexual characteristics after puberty.[FDA label]

In females, testosterone enanthate is indicated to be used secondarily in presence of advanced inoperable metastatic mammary cancer in women who are from one to five years postmenopausal. It has also been used in premenopausal women with breast cancer who have benefited from oophorectomy and are considered to have a hormone-responsive tumor.[FDA label]

Testosterone enanthate injections that are currently formulated for subcutaneous use are specifically indicated only for primary hypogonadism and hypogonadotropic hypogonadism [F1941]. The use of such formulations is limited because the safety and efficacy of these subcutaneous products in adult males with late-onset hypogonadism and males less than 18 years old have not yet been established [F1941]. Moreover, subcutaneously administered testosterone enanthate is indicated only for the treatment of men with hypogonadal conditions associated with structural or genetic etiologies, considering the medication could cause blood pressure increases that can raise the risk of major adverse cardiovascular events like non-fatal myocardial infarction, non-fatal stroke, and cardiovascular death [F1941]."
Testosterone undecanoate,"Testosterone undecanoate is indicated for testosterone replacement therapy in adult males for conditions associated with a deficiency or absence of endogenous testosterone. These conditions include:

- **Congenital or acquired primary hypogonadism**: testicular failure due to cryptorchidism, bilateral torsion, orchitis, vanishing testis syndrome, orchiectomy, Klinefelter’s syndrome, chemotherapy, or toxic damage from alcohol or heavy metals. These men usually have low serum testosterone concentrations and gonadotropins (follicle-stimulating hormone [FSH], luteinizing hormone [LH]) above the normal range.[L35970,L8932,L41355]
- **Congenital or acquired hypogonadotropic hypogonadism**: gonadotropin or luteinizing hormone-releasing hormone (LHRH) deficiency or pituitary-hypothalamic injury from tumors, trauma, or radiation. These men have low testosterone serum concentrations but have gonadotropins in the normal or low range.[L35970,L8932,L41355]

Testosterone undecanoate is not used to treat age-related hypogonadism.[L35970,L8932,L41355]"
Estradiol valerate,"Estradiol valerate is commercially available as an intramuscular injection as the product Delestrogen and is indicated for the treatment of moderate to severe vasomotor symptoms and vulvovaginal atrophy due to menopause, for the treatment of hypoestrogenism due to hypogonadism, castration or primary ovarian failure, and for the treatment of advanced androgen-dependent carcinoma of the prostate (for palliation only). 

Estradiol valerate is also available in combination with [DB09123] as the commercially available product Natazia used for the prevention of pregnancy and for the treatment of heavy menstrual bleeding."
Patent Blue,"Patent blue is used for marking lymphatic vessels and arterial territories as well as for sentinel lymph node prior to biopsy in patients with operable breast cancer and clinically negative lymph nodes in combination with a radiotracer.[A32575]

Patent blue is also used in the textile, paper, agriculture and cosmetic industry.[A32574]"
Lutetium Lu 177 dotatate,"Indicated for the treatment of somatostatin receptor-positive gastroenteropancreatic neuroendocrine tumors (GEP-NETs), including foregut, midgut, and hindgut neuroendocrine tumors in adults [L42160]."
alpha-Tocopherol succinate,"The primary health-related use for which alpha-tocopherol succinate is formally indicated is as a dietary supplement for patients who demonstrate a genuine vitamin E deficiency. At the same time, vitamin E deficiency is generally quite rare but may occur in premature babies of very low birth weight (< 1500 grams), individuals with fat-malabsorption disorders (as fat is required for the digestive tract to absorb vitamin E), or individuals with abetalipoproteinemia - a rare, inherited disorder that causes poor absorption of dietary fat - who require extremely large doses of supplemental vitamin E daily (around 100 mg/kg or 5-10 g/day) [L2120]. In all such cases, alpha-tocopherol is largely the preferred form of vitamin E to be administered.

Elsewhere, vitamin E's chemical profile as a fat-soluble antioxidant that is capable of neutralizing free radicals in the body continues to generate ongoing interest and study regarding how and whether or not the vitamin can help prevent or delay various chronic diseases associated with free radicals or other potential biological effects that vitamin E possesses like cardiovascular diseases, diabetes, ocular conditions, immune illnesses, cancer, and more [T166]. None of these ongoing studies have yet to elucidate any formally significant evidence, however [T166].

Similarly, more effective clinical trials are necessary to confirm what has only been accrued as preliminary data when it comes to studies proposing the demonstration of alpha-tocopherol succinate's capability to act as an anti-cancer therapy or as a regulator of inflammation [L2699, A32958, A32959]."
D-alpha-Tocopherol acetate,"_In addition to any following information, owing to d-alpha-Tocopherol acetate's closely related chemical nature with alpha-Tocopherol acetate, please also refer to the drug information page for alpha-Tocopherol acetate for further data._

Vitamin E, known for its antioxidant activities, is protective against cardiovascular disease and some forms of cancer and has also demonstrated immune-enhancing effects. It may be of limited benefit in some with asthma and rheumatoid arthritis. It may be helpful in some neurological diseases including Alzheimer's, some eye disorders including cataracts, and diabetes and premenstrual syndrome. It may also help protect skin from ultraviolet irradiation although claims that it reverses skin aging, enhances male fertility and exercise performance are poorly supported. It may help relieve some muscle cramps."
alpha-Tocopherol acetate,"The primary health-related use for which alpha-tocopherol acetate is formally indicated is as a dietary supplement for patients who demonstrate a genuine vitamin E deficiency. At the same time, vitamin E deficiency is generally quite rare but may occur in premature babies of very low birth weight (< 1500 grams), individuals with fat-malabsorption disorders (as fat is required for the digestive tract to absorb vitamin E), or individuals with abetalipoproteinemia - a rare, inherited disorder that causes poor absorption of dietary fat - who require extremely large doses of supplemental vitamin E daily (around 100 mg/kg or 5-10 g/day) [L2120]. In all such cases, alpha-tocopherol is largely the preferred form of vitamin E to be administered.

Elsewhere, vitamin E's chemical profile as a fat-soluble antioxidant that is capable of neutralizing free radicals in the body continues to generate ongoing interest and study regarding how and whether or not the vitamin can help prevent or delay various chronic diseases associated with free radicals or other potential biological effects that vitamin E possesses like cardiovascular diseases, diabetes, ocular conditions, immune illnesses, cancer, and more [T166]. None of these ongoing studies have yet to elucidate any formally significant evidence, however [T166]."
Nabiximols,"In Canada, Sativex has received a Notice of Compliance (NOC) for use as an as adjunctive treatment for symptomatic relief of spasticity in patients with multiple sclerosis (MS) who have not responded adequately to other therapy and who demonstrate meaningful improvement during an initial trial of therapy. 

Sativex has also received a Notice of Compliance with Conditions (NOC/c) for use as an adjunctive treatment for the symptomatic relief of neuropathic pain in adult patients with multiple sclerosis (MS) and as adjunctive analgesic treatment in adult patients with advanced cancer who experience moderate to severe pain during the highest tolerated dose of strong opioid therapy for persistent background pain. 

Marketing authorisations with conditions reflect the promising nature of the clinical evidence and the need for confirmatory studies to verify the clinical benefit. Patients should be advised of the conditional nature of the authorizations with conditions."
Fosnetupitant,"Indicated in combination palonosetron (as the drug Akynzeo) and dexamethasone in adults for the prevention of acute and delayed nausea and vomiting associated with initial and repeat courses of cancer chemotherapy, including, but not limited to, highly emetogenic chemotherapy [FDA label].

The following are indications listed on the EMA label [F29]:

Prevention of acute and delayed nausea and vomiting associated with highly emetogenic cisplatin-based cancer chemotherapy [F29].

Prevention of acute and delayed nausea and vomiting associated with moderately emetogenic cancer chemotherapy [F29]."
Gallium chloride Ga-67,"Following complexation with [sodium citrate] to yield [gallium citrate Ga 67], gallium chloride Ga-67 is used to demonstrate the presence of Hodgkin's disease, lymphomas, bronchogenic carcinomas, and some acute inflammatory lesions.[L12705]"
Ivosidenib,"Ivosidenib is an isocitrate dehydrogenase-1 (IDH1) inhibitor approved for use in the US and Europe. It is indicated for the treatment of patients with a susceptible IDH1 mutation with:

- **Newly Diagnosed Acute Myeloid Leukemia (AML)** in combination [azacitidine] or as monotherapy for the treatment of newly diagnosed AML in adults who have comorbidities that preclude the use of intensive induction chemotherapy.[L41870, L46591] this indication is reserved for adults 75 years or older in the US.[L41870]

- **Relapsed or refractory AML** in adults in the US.[L41870]

- **Locally Advanced or Metastatic Cholangiocarcinoma** in adults who have been previously treated.[L41870, L46591]

- **Relapsed or Refractory Myelodysplastic Syndromes** in adults.[L48781]"
Drostanolone propionate,"For use in females, for palliation of androgenresponsive recurrent mammary cancer in women who are more than one year but less than five years postmenopausal."
Cemiplimab,"Cemiplimab is indicated to treat:

- **Locally advanced or metastatic cutaneous squamous cell carcinoma (mCSCC)** in patients who are not candidates for curative surgery or curative radiation.[L39804, L43872]

- **Locally advanced basal cell carcinoma (laBCC)** in previously treated patients with a hedgehog pathway inhibitor or for whom a hedgehog pathway inhibitor is not appropriate.[L39804, L43872]

- **Metastatic basal cell carcinoma (mBCC)** in patients who were previously treated with a hedgehog pathway inhibitor or for whom a hedgehog pathway inhibitor is not appropriate. This indication is approved under accelerated approval based on tumour response rate and durability of response. Continued approval for mBCC may be contingent upon verification and description of clinical benefit.[L39804, L43872]

- **Locally advanced non-small cell lung cancer (NSCLC)** in combination with platinum‐based chemotherapy for the first‐line treatment of adults with no EGFR, ALK or ROS1 aberrations, who are not candidates for surgical resection or definitive chemoradiation. It is also indicated to treat **metastatic NSCLC** in combination with platinum‐based chemotherapy as first-line treatment in adults.[L43902]

- Locally advanced or metastatic NSCLC as monotherapy for the first-line treatment of adults whose tumours have high PD-L1 expression [Tumor Proportion Score (TPS) ≥ 50%] as determined by an FDA-approved test, with no EGFR, ALK or ROS1 aberrations. Patients with locally advanced NSCLC must not be candidates for surgical resection or definitive chemoradiation.[L43902]

- **Recurrent or metastatic cervical cancer** in adults with disease progression on or after platinum-based chemotherapy.[L43872]"
Larotrectinib,"Larotrectinib is a tyrosine kinase inhibitor that is currently indicated for the treatment of adult and pediatric patients with solid tumors that a) have a neurotrophic receptor tyrosine kinase (NTRK) gene fusion without a known acquired resistance mutation, b) are metastatic or where surgical resection is likely to result in severe morbidity, or c) have no satisfactory alternative treatments or that have progressed following treatment.[L49816]

These indications are approved under accelerated approval by the US FDA based on overall response rate and duration of response and continuation of support for these indications may be contingent upon the verification and description of continued clinical benefit in confirmatory trials.[L49816]"
Calaspargase pegol,"This drug is is an asparagine specific enzyme indicated as a component of a multi-agent chemotherapeutic regimen for the treatment of acute lymphoblastic leukemia in pediatric and young adult patients age 1 month to 21 years [FDA label].

The pharmacokinetics of calaspargase pegol were examined when given in combination with multiagent chemotherapy in 124 patients with B-cell lineage ALL [L4890]. The FDA approval of this drug was based on the achievement and maintenance of nadir serum asparaginase activity above the level of 0.1 U/mL when administering calaspargase, 2500 U/m2 intravenously, at 3-week intervals."
Piflufolastat F 18,Piflufolastat F18 is indicated for positron emission tomography (PET) of prostate-specific membrane antigen (PSMA) positive lesions in men with prostate cancer who have suspected metastases and are candidates for initial definitive therapy and for men with a suspected recurrence of prostate cancer based on elevated prostate-specific antigen (PSA) levels by the FDA.[L34294] It is approved by the EMA for the primary staging of patients with high-risk prostate cancer prior to initial curative therapy and for localizing recurrence of prostate cancer in patients with a suspected recurrence based on increasing serum prostate-specific antigen (PSA) levels after primary treatment with curative intent.[L47581]
Ripretinib,"Ripretinib is indicated to treat adults diagnosed with advanced gastrointestinal stromal tumor (GIST) who have had prior therapy with at least 3 kinase inhibitors, including with [imatinib].[L13769]"
Relatlimab,"Relatlimab is indicated in combination with [nivolumab], in the combination product Opdualag, for the treatment of adult and pediatric patients ≥12 years old with unresectable or metastatic melanoma.[L41265] In Canada and the EU, it is specifically indicated as a first-line treatment,[L50001,L50011] and the EU adds an additional requirement that tumor cell PD-L1 expression be < 1%.[L50011]"
Tislelizumab,"Tislelizumab is indicated as monotherapy for the treatment of unresectable,[L49349, L50341] locally advanced,[L49349] or metastatic esophageal squamous cell carcinoma [L49349, L50341] in adults after prior systemic chemotherapy that did not include a PD-(L)1 inhibitor, such as platinum-based chemotherapy.[L49349, L50341]"
Trastuzumab deruxtecan,"Trastuzumab deruxtecan is indicated for the following conditions: 

**HER2-Positive Breast Cancer**

- This indication is approved in the US, Canada, and Europe.
- It is indicated for the treatment of adult patients with unresectable or metastatic HER2-positive (IHC 3+ or ISH positive) breast cancer who have received a prior anti-HER2-based regimen.[L50662, L42240, L48576] In the US and Canada, it is used either in the metastatic setting or in the neoadjuvant or adjuvant setting in patients who have developed disease recurrence during or within six months of completing therapy.[L50662, L42240]
- In Canada, it is also used in patients who have received prior treatment with trastuzumab emtansine (T-DM1).[L42240]

**HER2-Low Breast Cancer**

- This indication is approved in the US, Canada, and Europe.
- It is indicated for the treatment of adult patients with unresectable or metastatic HER2-low (IHC 1+ or IHC 2+/ISH-) breast cancer, as determined by an FDA-approved test, who have received prior chemotherapy in the metastatic setting or developed disease recurrence during or within 6 months of completing adjuvant chemotherapy.[L50662, L42240, L48576]

**Non-small cell lung cancer (NSCLC)**

- This indication is approved in the US and Europe.
- It is indicated for the treatment of adult patients with unresectable or metastatic non-small cell lung cancer (NSCLC) whose tumours have activating HER2 (ERBB2) mutations and who have received prior systemic therapy.[L50662, L48576] In Europe, it is used in patients who require systemic therapy following platinum-based chemotherapy with or without immunotherapy.[L48576]

**Gastric cancer**

- This indication is approved in the US and Europe.
- It is indicated for the treatment of adult patients with locally advanced or metastatic HER2-positive (IHC 3+ or IHC 2+/ISH positive) gastric or gastroesophageal junction (GEJ) adenocarcinoma who have received a prior trastuzumab-based regimen.[L50662, L48576]

**Solid Tumors**

- This indication is approved in the US.
- It is indicated for the treatment of adult patients with unresectable or metastatic HER2-positive (IHC 3+) solid tumours who have received prior systemic treatment and have no satisfactory alternative treatment options.[L50662]"
Margetuximab,"Margetuximab is an anti-HER2 monoclonal antibody indicated, in combination with chemotherapy, for the treatment of metastatic HER2-positive breast cancer in adult patients who have received two or more prior anti-HER2 regimens with at least one prior regimen for metastatic disease.[L27986]"
Eflapegrastim,"Eflapegrastim is indicated to decrease the incidence of infection, as manifested by febrile neutropenia, in adult patients with non-myeloid malignancies receiving myelosuppressive anti-cancer drugs associated with a clinically significant incidence of febrile neutropenia.[L43135]"
Toripalimab,Toripalimab is indicated in combination with [cisplatin] and [gemcitabine] for the first-line treatment of adult patients with metastatic or recurrent locally advanced nasopharyngeal carcinoma (NPC).[L48681] It is also indicated as a second-line monotherapy for the treatment of adults with recurrent unresectable or metastatic NPC with disease progression on or after platinum-containing chemotherapy.[L48681]
Pemigatinib,"Pemigatinib is indicated for the treatment of unresectable locally advanced or metastatic cholangiocarcinoma in previously-treated adult patients with a fibroblast growth factor receptor 2 (FGFR2) fusion or other rearrangement as detected by an FDA-approved test.[L13050]

It is also indicated for the treatment of adults with relapsed or refractory myeloid/lymphoid neoplasms (MLNs) with FGFR1 rearrangement.[L43005]"
Zolbetuximab,Zolbetuximab is indicated in combination with fluoropyrimidine- and platinum-containing chemotherapy for the first-line treatment of adults with locally advanced unresectable or metastatic HER2-negative gastric or gastroesophageal junction (GEJ) adenocarcinoma whose tumors are claudin 18.2 positive as determined by an FDA-approved test.[L51923]
Tepotinib,"Tepotinib is indicated for the treatment of adult patients with metastatic non-small cell lung cancer (NSCLC) who have mesenchymal-epithelial transition (_MET_) exon 14 skipping alterations.[L31443,L45673]"
Futibatinib,"Futibatinib is indicated to treat adults with previously treated, unresectable, locally advanced or metastatic intrahepatic cholangiocarcinoma harbouring fibroblast growth factor receptor 2 (FGFR2) gene fusions or other rearrangements.[L43347] In Europe, it is indicated in patients whose disease has progressed after at least one prior line of systemic therapy.[L47795]

Futibatinib is approved in the US under accelerated approval and in Europe under conditional marketing authorization. This currently approved indication is subject to change, as it may be contingent upon verification and description of clinical benefit in a confirmatory trial(s).[L43347]"
Inavolisib,"Inavolisib is indicated in combination with [palbociclib] and [fulvestrant] for the treatment of adults with endocrine-resistant, PIK3CA-mutated, hormone receptor (HR)-positive, human epidermal growth factor receptor 2 (HER2)-negative, locally advanced or metastatic breast cancer, as detected by an FDA-approved test, following recurrence on or after completing adjuvant endocrine therapy.[L51738]"
Pafolacianine,Pafolacianine is an optical imaging agent indicated in adult patients with ovarian cancer as an adjunct for intraoperative identification of malignant lesions.[L39332]
Trilaciclib,Trilaciclib is indicated to reduce the incidence of chemotherapy induced myelosuppression in patients prior to receiving platinum and etoposide-containing or topotecan-containing chemotherapy regimens for extensive-stage small cell lung cancer.[L31828]
Belzutifan,"Belzutifan is indicated for the treatment of adult patients with von Hippel-Lindau (VHL) disease who require therapy for associated renal cell carcinoma (RCC), central nervous system (CNS) hemangioblastomas, or pancreatic neuroendocrine tumors (pNET), who do not require immediate surgery.[L35995]"
Tallimustine,"Tallimustine was being investigated for its use in treating tumors.[A182036,A182039] Derivatives of tallimustine with similar DNA binding ability and reduced myelotoxicity are being investigated for their antitumor activity.[A182039]"
Zanidatamab,"Zanidatamab is indicated for the treatment of adults with previously treated, unresectable or metastatic HER2-positive (IHC 3+) biliary tract cancer (BTC).[L51903] 

This indication was granted under accelerated approval based on overall response rate and duration of response. Continued approval for this indication may be contingent upon verification and description of clinical benefit in a confirmatory trial(s).[L51903]"
Edotreotide gallium Ga-68,Edotreotide gallium Ga-68 is a radioactive diagnostic compound used in positron emission tomography (PET) for diagnose somatostatin receptor positive neuroendocrine tumors in pediatrics and adults.[L8597]
Adagrasib,"Adagrasib is indicated for the treatment of adult patients with KRAS G12C-mutated locally advanced or metastatic non-small cell lung cancer (NSCLC), as determined by an FDA-approved test, who have received at least one prior systemic therapy.[L44361]

It is also indicated to treat KRAS G12C-mutated locally advanced or metastatic colorectal cancer (CRC) in combination with [cetuximab] in adults who have received prior treatment with fluoropyrimidine-, oxaliplatin-, and irinotecan-based chemotherapy.[L51269]

These indications are approved under accelerated approval based on objective response rate (ORR) and duration of response (DOR). Their continued approval may be contingent upon verification and description of a clinical benefit in a confirmatory trial(s)."
Sotorasib,Sotorasib is indicated in the treatment of KRAS G12C-mutated locally advanced or metastatic non-small cell lung cancer (NSCLC) in adults who have received at least one prior systemic therapy.[L34288]
Padeliporfin,"Padeliporfin is indicated for the treatment of adults with previously untreated, unilateral, low-risk, adenocarcinoma of the prostate with a life expectancy greater than or equal to 10 years. Patients must meet the following criteria: clinical stage T1c or T2a; Gleason Score ≤ 6, based on high-resolution biopsy strategies; PSA ≤ 10 ng/mL; and 3 positive cancer cores with a maximum cancer core length of 5 mm in any one core or 1-2 positive cancer cores with ≥ 50 % cancer involvement in any one core or a PSA density ≥ 0.15 ng/mL/cm<sup>3</sup>.[L39794]"
Dostarlimab,"Dostarlimab is indicated for the treatment of adult patients with mismatch repair deficient (dMMR) recurrent or advanced endometrial cancer that has progressed despite ongoing or prior treatment with a platinum-containing chemotherapy regimen. It is used as monotherapy or in combination with [carboplatin] and [paclitaxel].[L33320, L47641, L50041, L50046, L51229]

It is also indicated for the treatment of dMMR recurrent or advanced solid tumors in adults, as determined by an FDA-approved test, that have progressed on or following prior treatment and in patients who have no satisfactory alternative treatment options. This indication is approved under accelerated approval, and continued approval for this indication may be contingent upon verification and description of and description of clinical benefit in confirmatory trials.[L45156]"
Selpercatinib,"Selpercatinib is approved to treat: 

- adult with locally advanced or metastatic non-small cell lung cancer (NSCLC) with a rearranged during transfection (RET) gene fusion.[L43267] In Europe, patients should require systemic therapy following prior treatment with immunotherapy and/or platinum-based chemotherapy.[L41895] 
- adults and children 2 years of age and older with advanced or metastatic medullary thyroid cancer (MTC) with a RET mutation who require systemic therapy.[L43267] In Europe, patients should be ≥12 years of age and previously treated with [sorafenib], [lenvatinib], [cabozantinib] and/or [vandetanib].[L41895]
- adults and children 2 years of age and older with advanced or metastatic thyroid cancer with a RET gene fusion who require systemic therapy and who are radioactive iodine-refractory (if radioactive iodine is appropriate) [L43267]
- adults and children 2 years of age and older with locally advanced or metastatic solid tumors with a RET gene fusion that have progressed on or following prior systemic treatment or who have no satisfactory alternative treatment options [L43267]

Selpercatinib is currently approved for these indications under an accelerated approval scheme and continued approval may be contingent on future confirmatory trials.[L13604]"
Fluoroestradiol F-18,Fluoroestradiol F-18 is a radioactive diagnostic agent indicated for use with positron emission tomography (PET) imaging for the detection of estrogen receptor-positive lesions as an adjunct to biopsy in patients with recurrent or metastatic breast cancer.[L14096]
Retifanlimab,Retifanlimab is indicated for the treatment of adult patients with metastatic or recurrent locally advanced Merkel cell carcinoma.[L45603]
Pralsetinib,"Pralsetinib is indicated for the treatment of metastatic non-small cell lung cancer (NSCLC) in adult patients who are confirmed to possess a rearranged during transfection (RET) gene fusion, as determined by an FDA approved test.[L15986] It is also indicated in adult and pediatric patients 12 years of age and older for the treatment of advanced or metastatic _RET_ fusion-positive thyroid cancer who require systemic therapy and for whom radioactive iodine is not appropriate.[L47905] The indication for advanced or metastatic _RET_ fusion-positive thyroid cancer was approved under accelerated approval based on the overall response rate and duration of response, and continued approval for this indication may be contingent upon verification and description of clinical benefit in confirmatory trials.[L47905]"
Copper oxodotreotide Cu-64,Copper Cu 64 Dotatate is a radiopharmaceutical used with positron emission tomography(PET) to locate somatostatin receptor-positive neuroendocrine tumors.[L16393]
Gallium Ga-68 gozetotide,"Gallium Ga-68 gozetotide, or Gallium Ga-68 PSMA-11, is a radioactive diagnostic agent indicated for positron emission tomography (PET) of prostate-specific membrane antigen (PSMA)-positive lesions in men with prostate cancer metastasis with:

- Primary staging of patients with high-risk or suspected metastatic prostate cancer prior to primary curative therapy, such as initial surgical or radiation therapy.[L26981,L39553,L44677]
- Suspected prostate cancer recurrence based on elevated serum prostate-specific antigen (PSA) levels.[L26981,L39553,L44677]
- Identification of patients with PSMA-positive progressive metastatic castration-resistant prostate cancer (mCRPC) for whom lutetium Lu 177 vipivotide tetraxetan PSMA-directed therapy is indicated.[L45593]"
Lazertinib,"Lazertinib, in combination with [amivantamab], is indicated for the first-line treatment of adult patients with locally advanced or metastatic non-small cell lung cancer (NSCLC) with epidermal growth factor receptor (EGFR) exon 19 deletions or exon 21 L858R substitution mutations, as detected by an FDA-approved test.[L51184]"
Mobocertinib,Mobocertinib is indicated for the treatment of adult patients with locally advanced or metastatic non-small cell lung cancer (NSCLC) with epidermal growth factor receptor (EGFR) exon 20 insertion mutations whose disease has progressed on or after platinum-based chemotherapy.[L38319]
Inbakicept,"Inbakicept, in combination with [nogapendekin alfa] and Bacillus Calmette-Guérin (BCG), is indicated for the treatment of adult patients with BCG-unresponsive nonmuscle invasive bladder cancer (NMIBC) with carcinoma in situ (CIS) with or without papillary tumours.[L50592]"
Lisocabtagene maraleucel,"Lisocabtagene maraleucel is indicated to treat adult patients with large B-cell lymphoma (LBCL), including diffuse large B-cell lymphoma (DLBCL) not otherwise specified (including DLBCL arising from indolent lymphoma), high-grade B-cell lymphoma, primary mediastinal large B-cell lymphoma, and follicular lymphoma grade 3B, who meet one of the following criteria:[L31588,L42205] 

- refractory disease to first-line chemoimmunotherapy or relapse within 12 months of first-line chemoimmunotherapy
- refractory disease to first-line chemoimmunotherapy or relapse after first-line chemoimmunotherapy and are not eligible for hematopoietic stem cell transplantation (HSCT) due to comorbidities or age
- relapsed or refractory disease after 2 or more lines of systemic therapy

It is also indicated in several other cancers, including in:[L31588]

- adult patients with relapsed or refractory chronic lymphocytic leukemia (CLL) or small lymphocytic lymphoma (SLL) who have received ≥2 prior lines of therapy, including a Bruton tyrosine kinase (BTK) inhibitor and a B-cell lymphoma 2 (BCL-2) inhibitor
- adult patients with relapsed or refractory follicular lymphoma (FL) who have received 2 or more prior lines of systemic therapy
- adult patients with relapsed or refractory mantle cell lymphoma (MCL) who have received at least 2 prior lines of systemic therapy, including a Bruton tyrosine kinase (BTK) inhibitor"
Bacillus calmette-guerin substrain russian BCG-I live antigen,"The live BCG vaccine (substrain Russian BCG-I, i.e. VERITY-BCG) is indicated for adjuvant therapy following transurethral resection of a primary or relapsing superficial papillary urothelial cell carcinoma of the bladder in stages Ta (grade 2 or 3) or T1 (grade 1, 2, or 3), without concomitant carcinoma in situ.[L32729] It may also be used for stage Ta grade 1 papillary tumors, but only when the risk of recurrence is high (>50%).[L32729]"
Amivantamab,"Amivantamab is indicated for the following conditions: 

- in combination with [lazertinib], it is indicated for the first-line treatment of adult patients with locally advanced or metastatic non-small cell lung cancer (NSCLC) with epidermal growth factor receptor (EGFR) exon 19 deletions or exon 21 L858R substitution mutations, as detected by an FDA-approved test.[L51179]
- in combination with [carboplatin] and [pemetrexed] for the first-line treatment of adult patients with locally advanced or metastatic NSCLC with EGFR exon 20 insertion mutations, as detected by an FDA-approved test.[L51174,L51179]
- indicated as a single agent for the treatment of adult patients with locally advanced or metastatic NSCLC with EGFR exon 20 insertion mutations, as detected by an FDA-approved test, whose disease has progressed on or after platinum-based chemotherapy.[L34193,L41469,L41479,L43842,L51174,L51179]"
Tisotumab vedotin,Tisotumab vedotin is indicated for the treatment of adult patients with recurrent or metastatic cervical cancer with disease progression on or after chemotherapy.[L50602]
Lutetium Lu-177 vipivotide tetraxetan,Lutetium Lu 177 vipivotide tetraxetan is a radioligand therapeutic agent indicated for the treatment of adult patients with prostate-specific membrane antigen (PSMA)-positive metastatic castration-resistant prostate cancer (mCRPC) who have been treated with androgen receptor (AR) pathway inhibition and taxane-based chemotherapy.[L41280]
Repotrectinib,"Repotrectinib is indicated for the treatment of adult patients with locally advanced or metastatic ROS1-positive non-small cell lung cancer (NSCLC).[L48711] It is also indicated in patients ≥12 years of age and older with neurotrophic tyrosine receptor kinase (NTRK) gene fusion-positive solid tumors which are locally advanced, metastatic, or where surgical resection is likely to result in severe morbidity, and who have experienced disease progression following treatment or have no satisfactory alternative.[L51028]"
Tarlatamab,Tarlatamab is indicated for the treatment of adult patients with extensive-stage small cell lung cancer (ES-SCLC) with disease progression on or after platinum-based chemotherapy.[L50743]
Nadofaragene firadenovec,Nadofaragene firadenovec is indicated for the treatment of adult patients with high-risk Bacillus CalmetteGuérin (BCG)-unresponsive non-muscle invasive bladder cancer (NMIBC) with carcinoma _in situ_ (CIS) with or without papillary tumors.[L44381]
Flotufolastat F-18,Flotufolastat F-18 is indicated for positron emission tomography (PET) of prostate-specific membrane antigen (PSMA) positive lesions in men with prostate cancer with suspected metastasis who are candidates for initial definitive therapy or suspected recurrence based on elevated serum prostate-specific antigen (PSA) level.[L46731]
Afamitresgene autoleucel,"Afamitresgene autoleucel is a melanoma-associated antigen A4-(MAGE-A4)-directed genetically modified autologous T cell immunotherapy indicated for the treatment of adults with unresectable or metastatic synovial sarcoma who have received prior chemotherapy, are HLA-A * 02:01P, -A * 02:02P, -A * 02:03P, or -A * 02:06P positive and whose tumour expresses the MAGE-A4 antigen as determined by FDA7 approved or cleared companion diagnostic devices.[L51114]"
Efbemalenograstim alfa,"Efbemalenograstim alfa is indicated to decrease the incidence of infection, as manifested by febrile neutropenia, in adult patients with non-myeloid malignancies receiving myelosuppressive anti-cancer drugs associated with clinically significant incidence of febrile neutropenia.[L48852]"
Pegulicianine,Pegulicianine is indicated for fluorescence imaging in adults with breast cancer as an adjunct for the intraoperative detection of cancerous tissue within the resection cavity following removal of the primary specimen during lumpectomy surgery.[L50537]
Nogapendekin alfa,"Nogapendekin alfa, in combination with [inbakicept] and Bacillus Calmette-Guérin (BCG), is indicated for the treatment of adult patients with BCG-unresponsive nonmuscle invasive bladder cancer (NMIBC) with carcinoma in situ (CIS) with or without papillary tumours.[L50592]"
